date,expenditure_billions,saving_rate_pct,credit_owned_billions,cpi_index,credit_to_spend_ratio,spend_yoy_growth,credit_yoy_growth,inflation_yoy,regime
2008-01-01,11333.2,2.6,2619427.65,212.174,231.12868827868562,1.3612378141490078,6.569798424910611,4.294695655165981,1_pre_covid
2008-02-01,11293.9,3.0,2634496.42,212.687,233.2671991074828,1.0350503658907328,6.657618482463712,4.142959270611968,1_pre_covid
2008-03-01,11322.1,2.9,2645603.64,213.448,233.6672207452681,1.1741892821717892,6.487212507764051,3.9749035501344343,1_pre_covid
2008-04-01,11340.5,2.4,2654243.23,213.942,234.04992989727083,1.240905235905898,6.436682191110066,3.9037609759888126,1_pre_covid
2008-05-01,11361.6,6.8,2660193.15,215.208,234.1389549007182,1.280085576751655,5.983112713629413,4.088413823123993,1_pre_covid
2008-06-01,11340.7,4.6,2662409.52,217.463,234.7658892308235,1.0892721843383857,5.688034744055015,4.935966105947864,1_pre_covid
2008-07-01,11286.0,3.6,2665321.26,219.016,236.16172780435937,0.29682029042177316,5.196166472771857,5.497512078341837,1_pre_covid
2008-08-01,11284.7,3.1,2662237.78,218.69,235.91568938474214,-0.13628197980548595,4.288315658976272,5.308017162091239,1_pre_covid
2008-09-01,11209.7,3.9,2657389.13,218.877,237.06157435078546,-0.8833203649996402,3.521384238107861,4.953319875136075,1_pre_covid
2008-10-01,11192.5,4.9,2660729.5,216.995,237.72432432432433,-1.1140953828212008,3.036156902310294,3.7310578899565128,1_pre_covid
2008-11-01,11158.2,6.0,2651481.39,213.153,237.62626498897671,-1.6222602317010781,2.072338633240456,1.0999174706166848,1_pre_covid
2008-12-01,11125.8,5.8,2643788.96,211.398,237.62686368620686,-1.846476872722791,1.3149162142493065,-0.02222800255385904,1_pre_covid
2009-01-01,11176.3,5.9,2647028.86,211.933,236.8430392884944,-1.3844280520947438,1.0537114854078933,-0.11358601902212717,1_pre_covid
2009-02-01,11130.5,5.4,2638532.74,212.705,237.0542868694129,-1.446798714350217,0.1532103049887823,0.008463140671510772,1_pre_covid
2009-03-01,11084.6,5.8,2622827.85,212.495,236.61907962398283,-2.097667393858027,-0.8608919966560102,-0.4464787676623838,1_pre_covid
2009-04-01,11068.0,6.5,2615973.01,212.709,236.35462685218647,-2.4028922886997983,-1.4418505270144433,-0.5763244243767063,1_pre_covid
2009-05-01,11078.1,7.8,2610010.78,213.022,235.60094059450626,-2.4952471482889704,-1.886418285078284,-1.015761495855172,1_pre_covid
2009-06-01,11081.1,6.1,2591475.41,214.79,233.86445479239427,-2.2891003200860682,-2.6642824654563246,-1.2291746182109153,1_pre_covid
2009-07-01,11118.1,5.4,2590854.98,214.726,233.03037209595163,-1.4876838561049044,-2.793895096908494,-1.9587610037622771,1_pre_covid
2009-08-01,11218.0,4.4,2582126.01,215.445,230.17703779639862,-0.591065779329536,-3.0091891341125776,-1.4838355663267633,1_pre_covid
2009-09-01,11114.6,5.5,2576594.39,215.861,231.82070339913267,-0.8483723917678487,-3.040380465468362,-1.377942862886472,1_pre_covid
2009-10-01,11127.1,5.1,2563422.73,216.509,230.37653386776427,-0.584319857047122,-3.657146282626622,-0.22396829420033848,1_pre_covid
2009-11-01,11109.4,5.5,2551569.29,217.234,229.6766062973698,-0.4373465254252529,-3.76816146539124,1.9145871744709275,1_pre_covid
2009-12-01,11177.3,5.4,2555016.64,217.347,228.58978823150494,0.46288806198206967,-3.35776876835131,2.8141231232083674,1_pre_covid
2010-01-01,11156.8,5.6,2543508.02,217.488,227.97827513265455,-0.17447634727056904,-3.910831557763972,2.6211113889767157,1_pre_covid
2010-02-01,11198.6,5.3,2530024.28,217.281,225.923265408176,0.6118323525448055,-4.112454560635859,2.151336357866529,1_pre_covid
2010-03-01,11252.1,5.3,2536551.95,217.353,225.42920432630353,1.5111054977175575,-3.289422902841299,2.2861714393279886,1_pre_covid
2010-04-01,11275.1,6.0,2532764.79,217.403,224.63346577857402,1.871160101192637,-3.1807751716826704,2.2067707525304403,1_pre_covid
2010-05-01,11303.2,6.4,2521687.94,217.29,223.09504742019956,2.031936884483798,-3.3840028813980516,2.003548929218568,1_pre_covid
2010-06-01,11330.6,6.2,2518416.41,217.199,222.26681817379486,2.2515815216900936,-2.8192048328176122,1.1215605940686268,1_pre_covid
2010-07-01,11361.7,6.1,2521104.8,217.605,221.8950333136766,2.191021847258079,-2.6921684362279596,1.3407784804821077,1_pre_covid
2010-08-01,11389.2,6.2,2520422.13,217.923,221.29931250658515,1.5261187377429097,-2.3896540974776004,1.1501775395112546,1_pre_covid
2010-09-01,11399.9,6.1,2522094.23,218.275,221.23827665154957,2.5668939952854686,-2.115201376340814,1.1183122472331775,1_pre_covid
2010-10-01,11428.9,5.9,2530106.0,219.035,221.37791038507643,2.7122970046103534,-1.2996970655713924,1.1666951489314625,1_pre_covid
2010-11-01,11458.0,5.8,2531232.26,219.59,220.91396927910628,3.1378832340180463,-0.7970400835166092,1.084544776600338,1_pre_covid
2010-12-01,11473.2,6.2,2646811.26,220.472,230.69512080326322,2.6473298560475422,3.5927210243139385,1.437793022217937,1_pre_covid
2011-01-01,11486.0,6.6,2657360.1,221.187,231.35644262580533,2.950666857880413,4.476183251822419,1.7007834915029774,1_pre_covid
2011-02-01,11482.8,6.9,2663779.92,221.898,231.97999790991744,2.5378172271533828,5.286733453799108,2.124898173333145,1_pre_covid
2011-03-01,11522.6,6.3,2672031.38,223.046,231.89483102771942,2.4039956985807187,5.341086351493796,2.619241510354109,1_pre_covid
2011-04-01,11508.9,6.3,2679950.15,224.093,232.85893091433587,2.073595799593786,5.811252611419948,3.0772344447868694,1_pre_covid
2011-05-01,11495.6,6.3,2683973.45,224.806,233.47832649013537,1.70217283601104,6.435590519578738,3.4589718808964998,1_pre_covid
2011-06-01,11522.3,6.5,2693088.33,224.806,233.7283641286896,1.691878629551824,6.935783903981152,3.5023181506360412,1_pre_covid
2011-07-01,11542.3,6.7,2717525.97,225.395,235.44059416234202,1.5895508594664376,7.7910751667285005,3.5798809769996165,1_pre_covid
2011-08-01,11535.3,6.7,2709151.87,226.106,234.85751302523562,1.2827942261089298,7.488021064154049,3.75499603070808,1_pre_covid
2011-09-01,11554.3,6.4,2720060.44,226.597,235.41542456055322,1.3543978455951233,7.849278890741518,3.812621692818685,1_pre_covid
2011-10-01,11575.1,6.3,2727962.54,226.75,235.67507321751,1.2792132226198571,7.820088960699678,3.5222681306640524,1_pre_covid
2011-11-01,11555.7,6.4,2746799.26,227.169,237.7008108552489,0.8526793506720365,8.5162868459965,3.451432214581729,1_pre_covid
2011-12-01,11560.9,7.2,2756224.85,227.223,238.40919392088853,0.7643900568280682,4.133788897361734,3.062066838419386,1_pre_covid
2012-01-01,11605.5,7.4,2770124.65,227.842,238.69067683425962,1.0403970050496314,4.243480211808692,3.0087663379855023,1_pre_covid
2012-02-01,11675.8,7.3,2777643.62,228.329,237.89749910070404,1.6807747239349302,4.274516041850784,2.8981784423473878,1_pre_covid
2012-03-01,11660.5,7.6,2791565.95,228.807,239.40362334376744,1.1967785048513369,4.473546639261405,2.5828752813320977,1_pre_covid
2012-04-01,11671.4,7.9,2802317.58,229.187,240.101237212331,1.4119507511578089,4.5660338122334165,2.2731633741348567,1_pre_covid
2012-05-01,11672.0,7.9,2817982.27,228.713,241.43096898560657,1.534500156581653,4.992926438970535,1.7379429374660749,1_pre_covid
2012-06-01,11659.9,7.9,2829850.8,228.524,242.69940565528006,1.194206017895727,5.078276433658591,1.653870448297634,1_pre_covid
2012-07-01,11684.4,7.0,2840049.63,228.59,243.063369107528,1.2311237794893515,4.508647253148412,1.4175114798464783,1_pre_covid
2012-08-01,11686.7,6.7,2857102.48,229.918,244.4747003003414,1.3124929564034105,5.461141239010714,1.6859349154821235,1_pre_covid
2012-09-01,11703.2,7.2,2865789.74,231.015,244.87232039100417,1.2886977142708922,5.357575804455306,1.9497168982819613,1_pre_covid
2012-10-01,11702.3,7.8,2881779.34,231.638,246.2575168983875,1.098910592565061,5.638523174148857,2.1556780595369363,1_pre_covid
2012-11-01,11753.4,8.7,2903346.97,231.249,247.02188047713855,1.7108439990653812,5.69927742007621,1.7960197033926262,1_pre_covid
2012-12-01,11758.3,10.9,2912905.02,231.221,247.7318166741791,1.7074795214905292,5.68459318549428,1.7595049796895523,1_pre_covid
2013-01-01,11810.6,4.9,2931381.51,231.679,248.19920325809017,1.767265520658312,5.8212853345787074,1.684061762098299,1_pre_covid
2013-02-01,11808.6,4.7,2953480.76,232.937,250.11269413817047,1.137395296253807,6.330442780128842,2.0181404902574807,1_pre_covid
2013-03-01,11823.8,4.8,2963147.07,232.282,250.6086934826367,1.4004545259637124,6.146411120969564,1.5187472411246183,1_pre_covid
2013-04-01,11826.4,5.1,2972772.62,231.797,251.36750152201856,1.328032626762865,6.082645350995519,1.138808047576867,1_pre_covid
2013-05-01,11860.1,5.3,2988661.4,231.893,251.99293429229095,1.6115490061686222,6.056785091128347,1.3903888279197085,1_pre_covid
2013-06-01,11857.7,5.4,3000936.05,232.445,253.07910050009696,1.6964124906731604,6.045733930566244,1.7157935271568725,1_pre_covid
2013-07-01,11872.3,5.2,3014697.69,232.9,253.92701414216285,1.6081270754167987,6.149472113274301,1.885471805415806,1_pre_covid
2013-08-01,11890.3,5.2,3030269.0,233.456,254.85219044094768,1.7421513344228812,6.06091385283456,1.538809488600279,1_pre_covid
2013-09-01,11926.1,5.3,3045861.58,233.544,255.39460343280703,1.9046072868958985,6.283497965206619,1.0947341081747997,1_pre_covid
2013-10-01,11964.6,4.7,3063380.14,233.669,256.0369874462999,2.2414397169787215,6.3016899829672735,0.8767991434911471,1_pre_covid
2013-11-01,12013.7,4.5,3075875.88,234.1,256.030688297527,2.214678305851936,5.942414454170453,1.2328701961954458,1_pre_covid
2013-12-01,12024.7,4.5,3090467.79,234.719,257.0099703111096,2.2656336375156405,6.095728105820619,1.5128383667573297,1_pre_covid
2014-01-01,11985.0,5.2,3113002.96,235.288,259.74159032123487,1.4766396288080186,6.195762966383733,1.557758795574915,1_pre_covid
2014-02-01,12039.4,5.3,3133891.8,235.547,260.30298852102266,1.954507731653199,6.108421034711609,1.1204746347724948,1_pre_covid
2014-03-01,12108.3,5.2,3150697.02,236.028,260.20969252496224,2.4061638390365125,6.329417527021364,1.6126949139408042,1_pre_covid
2014-04-01,12128.1,5.4,3173234.63,236.468,261.6431782389657,2.55107217750119,6.743267502241723,2.015125303606169,1_pre_covid
2014-05-01,12154.5,5.6,3192546.34,236.918,262.66373277386975,2.482272493486559,6.821948448225013,2.166947687079812,1_pre_covid
2014-06-01,12197.1,5.6,3209899.68,237.231,263.16908773396955,2.8622751461075957,6.963281673396549,2.0589816945944195,1_pre_covid
2014-07-01,12223.6,5.5,3231535.62,237.498,264.3685673614974,2.9589885700327834,7.192692345878315,1.9742378703305974,1_pre_covid
2014-08-01,12306.5,5.3,3248721.35,237.46,263.98418315524316,3.5003322035608964,7.2090085071655485,1.7150983482969062,1_pre_covid
2014-09-01,12310.2,5.5,3265101.43,237.477,265.23544946467155,3.2206672759745425,7.197958418057859,1.6840509711232077,1_pre_covid
2014-10-01,12389.1,5.4,3275438.44,237.43,264.38066041923946,3.547966501178479,6.922363216730898,1.6095417021513292,1_pre_covid
2014-11-01,12420.6,5.6,3283048.38,236.983,264.3228491377228,3.386966546526038,6.735398568813511,1.231524989320798,1_pre_covid
2014-12-01,12455.1,6.0,3309539.83,236.252,265.717644177887,3.5792992756576103,7.088636895322575,0.6531213919623191,1_pre_covid
2015-01-01,12484.7,6.3,3319930.47,234.747,265.91992358646985,4.169378389653744,6.647199268965687,-0.22993097820542818,1_pre_covid
2015-02-01,12514.1,6.4,3337844.15,235.342,266.72666432264407,3.9428875193115998,6.507957613597259,-0.08703146293520536,1_pre_covid
2015-03-01,12551.8,5.9,3360575.76,235.976,267.7365604933157,3.662776772957388,6.661343146222287,-0.022031284423873476,1_pre_covid
2015-04-01,12574.8,5.9,3382639.53,236.222,269.0014576772593,3.683182031810417,6.599099165888034,-0.10403098939391064,1_pre_covid
2015-05-01,12612.7,5.8,3399365.69,237.001,269.51926946649013,3.769797194454738,6.478194142672966,0.03503321824429584,1_pre_covid
2015-06-01,12621.6,5.7,3425250.89,237.657,271.3800857260569,3.480335489583597,6.708970107128076,0.1795718097550525,1_pre_covid
2015-07-01,12668.4,5.6,3444143.74,238.034,271.8688816267248,3.638862528224096,6.57916684204769,0.22568611104094582,1_pre_covid
2015-08-01,12699.7,5.6,3460249.09,238.033,272.46699449593297,3.1950595213911415,6.5111075161924825,0.2413037985344868,1_pre_covid
2015-09-01,12707.2,5.8,3487879.79,237.498,274.48059289221857,3.2249679127877684,6.8230149897670955,0.008842961634170088,1_pre_covid
2015-10-01,12715.9,5.8,3502824.92,237.733,275.46810843117674,2.637802584529947,6.942169244371454,0.12761656067050708,1_pre_covid
2015-11-01,12737.0,5.6,3510642.87,238.017,275.6255688152626,2.547380963882584,6.932413527210968,0.4363182169185187,1_pre_covid
2015-12-01,12777.3,5.8,3400230.33,237.761,266.1149327322674,2.5868921164823977,2.740275224305133,0.6387247515364791,1_pre_covid
2016-01-01,12798.7,6.1,3419760.04,237.652,267.1958902075992,2.515078456030184,3.006977733482463,1.2375025026943876,1_pre_covid
2016-02-01,12884.0,5.6,3438515.07,237.336,266.88257295870847,2.9558657833963276,3.0160461506268943,0.8472775790126619,1_pre_covid
2016-03-01,12836.1,5.9,3466202.59,238.08,270.0354928677713,2.265013782883729,3.1431170592029822,0.8916160965521946,1_pre_covid
2016-04-01,12870.2,5.5,3486177.34,238.992,270.8720408385262,2.3491427299042744,3.0608585124646703,1.1726257503534843,1_pre_covid
2016-05-01,12891.2,5.3,3503680.59,239.557,271.7885526560754,2.2080918439350894,3.0686577883299204,1.0784764621246223,1_pre_covid
2016-06-01,12948.6,4.9,3524010.3,240.222,272.1537695194847,2.590796729416245,2.8832752160820485,1.0792865347959424,1_pre_covid
2016-07-01,12972.2,5.1,3542768.11,240.101,273.10464763108797,2.398092892551551,2.863538151865863,0.8683633430518256,1_pre_covid
2016-08-01,12986.1,5.1,3565415.37,240.545,274.5562847968212,2.255171382001153,3.0392690602513817,1.0553158595656864,1_pre_covid
2016-09-01,13020.9,5.1,3586384.17,241.176,275.4328940395825,2.4686791740115677,2.8241907958645562,1.5486446201652182,1_pre_covid
2016-10-01,13014.9,5.3,3601496.03,241.741,276.72099132532713,2.3513868463891585,2.816900994298055,1.685924966243646,1_pre_covid
2016-11-01,13036.8,5.4,3618234.46,242.026,277.54007578546884,2.353772473894944,3.064726148006036,1.6843334719788938,1_pre_covid
2016-12-01,13128.5,5.0,3636437.75,242.637,276.98806032677,2.7486245137861687,6.946806453549859,2.0507989115119862,1_pre_covid
2017-01-01,13136.3,5.3,3653343.88,243.618,278.11056994739766,2.637767898302168,6.830416089662239,2.5103933482571117,1_pre_covid
2017-02-01,13143.4,5.6,3670001.71,244.006,279.2277272243103,2.013349891338101,6.732168837055585,2.8103616813294208,1_pre_covid
2017-03-01,13201.7,5.6,3685313.86,243.892,279.1544922244862,2.848217137604103,6.321363633855004,2.44119623655914,1_pre_covid
2017-04-01,13206.1,5.7,3699276.18,244.193,280.1187466398104,2.6099050519805322,6.11267928211594,2.176223471915395,1_pre_covid
2017-05-01,13214.5,6.3,3713355.62,244.004,281.00613871126416,2.507912374332877,5.984421941841456,1.8563431667619756,1_pre_covid
2017-06-01,13256.7,6.0,3729019.93,244.163,281.2932275754901,2.379407812427603,5.817509386961794,1.640565809959127,1_pre_covid
2017-07-01,13290.1,6.0,3744877.31,244.243,281.77946817555926,2.450625183083832,5.704838525262668,1.7251073506566073,1_pre_covid
2017-08-01,13291.7,6.1,3758495.85,245.183,282.7701385074896,2.353285435966157,5.415371281130699,1.92812155729698,1_pre_covid
2017-09-01,13364.4,5.9,3773286.65,246.435,282.3386496962078,2.6380664930995446,5.211446156924127,2.1805652303711787,1_pre_covid
2017-10-01,13377.0,6.0,3796951.2,246.626,283.84175824175827,2.782195790978026,5.427054989701063,2.020757753132485,1_pre_covid
2017-11-01,13450.3,5.6,3816268.18,247.284,283.7310825780838,3.1717906234658866,5.473214137704052,2.172493864295566,1_pre_covid
2017-12-01,13555.4,5.0,3830784.99,247.805,282.6021356802455,3.251704307422787,5.344440173628717,2.129930719552253,1_pre_covid
2018-01-01,13541.3,5.7,3847835.29,248.859,284.1555308574509,3.083059917937314,5.323654613099271,2.151318868063945,1_pre_covid
2018-02-01,13547.3,5.8,3863797.02,249.529,285.2079026817152,3.073025244609462,5.280523697630657,2.263468931091861,1_pre_covid
2018-03-01,13586.5,5.9,3876055.41,249.577,285.2872638280646,2.9147761273169204,5.1757206372648135,2.3309497646499366,1_pre_covid
2018-04-01,13598.7,6.0,3883468.11,250.227,285.5764234816563,2.972868598602174,4.979134323515133,2.4709963021052994,1_pre_covid
2018-05-01,13640.5,6.0,3900522.44,250.792,285.9515736226678,3.2237315070566375,5.040368851071686,2.781921607842497,1_pre_covid
2018-06-01,13653.7,6.3,3902512.72,251.018,285.82089250532823,2.9947121078398142,4.652503694181109,2.8075506935940187,1_pre_covid
2018-07-01,13682.7,6.5,3924685.82,251.214,286.8356260094864,2.954078599860055,4.801452627562841,2.854124785561929,1_pre_covid
2018-08-01,13711.5,6.6,3945881.92,251.663,287.77901177843415,3.158361985299085,4.985666539980338,2.6429238568742575,1_pre_covid
2018-09-01,13687.1,6.8,3957685.36,252.182,289.1544125490425,2.4146239262518465,4.886952068695871,2.332055105808828,1_pre_covid
2018-10-01,13727.1,6.7,3976272.51,252.772,289.66588063028604,2.6171787396277235,4.722770995845282,2.492032470218053,1_pre_covid
2018-11-01,13800.3,6.5,3991704.17,252.594,289.2476373702021,2.602172442250361,4.597056121983534,2.147328577667773,1_pre_covid
2018-12-01,13682.3,8.4,4007041.95,252.767,292.86318455230486,0.9361582837835725,4.601066373082974,2.0023809043401064,1_pre_covid
2019-01-01,13721.7,8.4,4027115.1,252.561,293.4851439690417,1.3322206878217058,4.6592381556956,1.4875893578291333,1_pre_covid
2019-02-01,13728.5,8.5,4039700.24,253.319,294.25649124084936,1.3375358927609327,4.552599918926381,1.5188615351321877,1_pre_covid
2019-03-01,13824.8,7.9,4051968.06,254.277,293.09415398414444,1.7539469326169232,4.538445181824691,1.8831863513063984,1_pre_covid
2019-04-01,13825.9,7.6,4068537.58,255.233,294.2692757795153,1.6707479391412372,4.765572028863652,2.000583470209061,1_pre_covid
2019-05-01,13877.1,7.3,4083364.56,255.296,294.2520094256004,1.7345405227081168,4.687631536866643,1.7959105553606136,1_pre_covid
2019-06-01,13924.1,7.1,4093992.14,255.213,294.02202943098655,1.9804155650116728,4.906567479426438,1.671194894390049,1_pre_covid
2019-07-01,13989.9,6.8,4117712.6,255.802,294.3346700119372,2.2451709092503602,4.918273432648945,1.826331335037068,1_pre_covid
2019-08-01,14043.6,6.9,4134319.33,256.036,294.39170369420947,2.4220544798162047,4.775546096422478,1.7376412106666406,1_pre_covid
2019-09-01,14066.2,7.0,4146326.69,256.43,294.77234007763286,2.769761308093033,4.766455967080718,1.6844977040391562,1_pre_covid
2019-10-01,14067.2,7.1,4163620.6,257.155,295.98076376251134,2.477580843732463,4.711651163969144,1.7339736996186295,1_pre_covid
2019-11-01,14142.8,6.9,4164684.83,257.879,294.47385454082644,2.481830105142646,4.333504003128574,2.092290394862917,1_pre_covid
2019-12-01,14165.7,6.2,4192191.39,258.63,295.9395857599695,3.533031727121916,4.620601488836429,2.3195274699624457,1_pre_covid
2020-01-01,14230.7,6.8,4171798.04,259.127,293.15480194227973,3.709452910353672,3.592719264468003,2.599767976845202,1_pre_covid
2020-02-01,14181.4,7.5,4185445.34,259.25,295.1362587614763,3.298976581563906,3.6078196732735712,2.3413166797595197,1_pre_covid
2020-03-01,13249.1,12.4,4171393.21,258.076,314.84351465382554,-4.164255540767314,2.947336904723774,1.4940399642909163,2_covid_stimulus
2020-04-01,11798.6,31.8,4106902.98,256.032,348.0839235163494,-14.663059909300657,0.942977648494514,0.3130472940411133,2_covid_stimulus
2020-05-01,12780.5,22.6,4090245.93,255.802,320.0380212041783,-7.902227410626139,0.16852205819213317,0.1982013035848551,2_covid_stimulus
2020-06-01,13476.8,18.3,4102329.81,257.042,304.39939822509797,-3.212415883252784,0.20365622880751388,0.7166562831830481,2_covid_stimulus
2020-07-01,13683.5,17.9,4118158.78,258.352,300.9579990499507,-2.190151466415058,0.010835627527772118,0.9968647625897997,2_covid_stimulus
2020-08-01,13793.0,13.9,4113990.24,259.316,298.26652939897053,-1.784442735480929,-0.4917155250317773,1.2810698495523853,2_covid_stimulus
2020-09-01,13964.6,13.3,4129452.39,259.997,295.7086053306217,-0.7222988440374833,-0.40696986179832306,1.3910228912373812,2_covid_stimulus
2020-10-01,14007.1,12.8,4134643.38,260.319,295.18197057206703,-0.4272349863512326,-0.6959620672450373,1.2303863428671624,2_covid_stimulus
2020-11-01,13970.3,12.0,4135719.78,260.911,296.03657616515034,-1.2197018977854412,-0.6954920043733659,1.1757452138405844,2_covid_stimulus
2020-12-01,14026.7,11.8,4149026.48,262.045,295.7949111337663,-0.981243426022016,-1.029650270809801,1.3204191315779434,2_covid_stimulus
2021-01-01,14204.7,19.5,4157826.38,262.687,292.7077924912177,-0.18270359153098603,-0.3349073916339429,1.3738437137002402,2_covid_stimulus
2021-02-01,14074.1,13.0,4177322.53,263.579,296.8092119567148,-0.7566248748360427,-0.19407277697239822,1.6698167791706853,2_covid_stimulus
2021-03-01,14680.0,26.2,4190733.4,264.961,285.47230245231606,10.799978866489045,0.46363862207081663,2.6678187820641908,2_covid_stimulus
2021-04-01,14796.0,12.4,4207768.45,266.614,284.38554001081377,25.40470903327514,2.4559983640032312,4.133077115360573,2_covid_stimulus
2021-05-01,14771.4,10.0,4238937.19,268.383,286.969223634862,15.577637807597512,3.6352645426384056,4.918257089467626,2_covid_stimulus
2021-06-01,14892.6,8.8,4389849.1,270.654,294.7671393846608,10.50546123708893,7.008682951310519,5.295632620349999,3_post_inflation_shock
2021-07-01,14869.0,9.5,4406029.54,271.903,296.3231918757146,8.663719077721343,6.990278310735754,5.245169381309234,3_post_inflation_shock
2021-08-01,14970.2,8.7,4423797.93,272.676,295.50693577908106,8.534764010730079,7.530588842622032,5.152015301793966,3_post_inflation_shock
2021-09-01,14990.6,7.6,4447544.21,273.91,296.6888723600123,7.347149220171012,7.703002479706522,5.351215590949132,3_post_inflation_shock
2021-10-01,15085.5,7.0,4464094.97,276.55,295.91958967220177,7.698952674001047,7.96807752740214,6.235042390298062,3_post_inflation_shock
2021-11-01,15115.9,6.6,4489285.61,278.919,296.99095720400373,8.20025339470163,8.549076069172191,6.901970403700863,3_post_inflation_shock
2021-12-01,15059.2,6.6,4512720.41,280.845,299.6653480928602,7.36096159467301,8.765765457346507,7.174340285065539,3_post_inflation_shock
2022-01-01,15067.8,4.2,4527332.7,282.543,300.464082347788,6.076157891402123,8.887006965403899,7.558805726967832,3_post_inflation_shock
2022-02-01,15077.9,4.1,4558346.19,284.5,302.31969902970576,7.132250019539432,9.121241112306478,7.937278766517819,3_post_inflation_shock
2022-03-01,15156.8,3.2,4600150.62,287.674,303.5040786973504,3.2479564032697583,9.769584006465326,8.572204966013853,3_post_inflation_shock
2022-04-01,15235.4,2.6,4633199.93,288.561,304.1075344264017,2.9697215463638793,10.110620036613449,8.231750770777225,3_post_inflation_shock
2022-05-01,15214.1,2.6,4662495.89,291.298,306.45886973268216,2.997007731156165,9.992096627409541,8.538171195642065,3_post_inflation_shock
2022-06-01,15223.6,2.2,4700193.52,294.957,308.7438923776242,2.2225803419147816,7.06959198210253,8.979361103105798,3_post_inflation_shock
2022-07-01,15237.1,3.3,4722331.55,294.913,309.92324983100457,2.4756204183199904,7.178844515872207,8.462576727730099,3_post_inflation_shock
2022-08-01,15319.8,3.2,4751751.66,295.097,310.1706066658834,2.335306141534499,7.413397609686934,8.222579178218826,3_post_inflation_shock
2022-09-01,15330.5,3.4,4778653.2,296.349,311.7088940347673,2.267420917108054,7.444759947647617,8.192106896425821,3_post_inflation_shock
2022-10-01,15358.1,3.4,4810411.05,298.007,313.2165469687005,1.8070332438434367,7.757811657846525,7.758813957693,3_post_inflation_shock
2022-11-01,15317.1,3.8,4840770.62,298.786,316.0370187568143,1.3310487632228307,7.8294196568170715,7.122856456533988,3_post_inflation_shock
2022-12-01,15303.6,4.2,4858467.57,298.832,317.47220065866856,1.6229281767955683,7.661612698935194,6.404600402357152,3_post_inflation_shock
2023-01-01,15501.5,4.9,4874126.47,300.42,314.4293436119085,2.878323311963271,7.660001881461009,6.327178517960097,3_post_inflation_shock
2023-02-01,15491.8,5.5,4884912.07,301.45,315.3224331581869,2.745077232240556,7.164130726104423,5.957820738137087,3_post_inflation_shock
2023-03-01,15494.0,6.0,4909610.57,301.821,316.8717290564089,2.2247440092895587,6.727169946448419,4.917719362889961,3_post_inflation_shock
2023-04-01,15541.8,5.8,4921913.96,302.845,316.68879795133125,2.0111057143232136,6.231417473063816,4.950079879124369,3_post_inflation_shock
2023-05-01,15535.2,6.1,4927070.79,303.334,317.1552854163448,2.1105421944117575,5.674533688436134,4.131851231385042,3_post_inflation_shock
2023-06-01,15584.1,5.8,4950407.77,304.014,317.6575978080222,2.3680338421923963,5.323488255011255,3.070617072997095,3_post_inflation_shock
2023-07-01,15658.4,5.5,4959233.72,304.609,316.71395033975375,2.764961836569957,5.016635691324978,3.287749268428297,3_post_inflation_shock
2023-08-01,15668.6,5.6,4945185.91,306.082,315.61121670091774,2.276792125223581,4.070798809380549,3.722504803505289,3_post_inflation_shock
2023-09-01,15688.7,5.3,4955084.13,307.276,315.83777687125126,2.3365187045432334,3.692063906206866,3.687206638119256,3_post_inflation_shock
2023-10-01,15730.9,5.4,4965631.71,307.696,315.66100540973497,2.427383595627064,3.226764997556719,3.2512659098611785,3_post_inflation_shock
2023-11-01,15786.9,5.6,4989152.89,308.148,316.0311961183006,3.067160232681121,3.0652613322958766,3.1333462745911866,3_post_inflation_shock
2023-12-01,15851.3,5.6,4988252.94,308.741,314.69046324276246,3.5788964688047153,2.671323171968809,3.3159099427102934,3_post_inflation_shock
2024-01-01,15793.7,6.4,5003263.54,309.698,316.78856379442436,1.8849788730122885,2.6494402801164885,3.0883429864855705,3_post_inflation_shock
2024-02-01,15863.1,6.1,5013828.69,310.967,316.0686555591278,2.3967518300003876,2.639077595515449,3.157074141648697,3_post_inflation_shock
2024-03-01,15916.3,5.9,5013919.21,312.345,315.0178879513455,2.7255711888472867,2.12458072820223,3.4868349120836584,3_post_inflation_shock
2024-04-01,15945.2,5.8,5017407.51,313.023,314.66569939542933,2.595580949439591,1.9401710549202589,3.3607951262196734,3_post_inflation_shock
2024-05-01,16019.2,5.8,5025704.11,313.175,313.73003083799443,3.1155054328235288,2.0018652908374346,3.244278584003113,3_post_inflation_shock
2024-06-01,16064.4,5.7,5027254.09,313.044,312.94378190284107,3.0819874102450573,1.5523230321691228,2.9702579486470926,3_post_inflation_shock
2024-07-01,16123.8,5.3,5045212.65,313.569,312.9046905816247,2.9722066111480094,1.73371401418847,2.9414757935583014,3_post_inflation_shock
2024-08-01,16145.7,5.2,5052991.7,314.062,312.9620703964523,3.0449433899646383,2.180014906659,2.607144490692037,3_post_inflation_shock
2024-09-01,16227.8,4.8,5057015.98,314.732,311.62671341771534,3.436231172754911,2.057116434872741,2.4264830315416708,3_post_inflation_shock
2024-10-01,16247.7,5.0,5067276.2,315.631,311.8765240618672,3.285253863415316,2.0469599023081875,2.578844053871343,3_post_inflation_shock
2024-11-01,16299.5,4.9,5060657.97,316.528,310.47933801650356,3.2469959270027715,1.433210839125043,2.719472461284833,3_post_inflation_shock
2024-12-01,16415.5,4.3,4948069.04,317.604,301.42664189333254,3.55932951871456,-0.8055706172750754,2.870690967509981,3_post_inflation_shock
2025-01-01,16316.5,5.1,4957979.27,318.961,303.86291606655834,3.3101806416482527,-0.9050946374893676,2.9909783078999608,3_post_inflation_shock
2025-02-01,16297.0,5.2,4956920.12,319.679,304.16150948027246,2.7352787286217595,-1.135032198317898,2.8015834477613355,3_post_inflation_shock
2025-03-01,16423.9,5.1,5020912.0,319.785,305.7076577426798,3.1891834157436127,0.13946754439229103,2.381981462805549,3_post_inflation_shock
2025-04-01,16446.9,5.5,5038854.01,320.302,306.3710492554828,3.1464014248802297,0.4274418603084529,2.32538823025783,3_post_inflation_shock
2025-05-01,16423.9,4.9,5047982.01,320.62,307.35586614628676,2.526343387934493,0.4432791806360248,2.3772651073680873,3_post_inflation_shock
2025-06-01,16466.3,4.6,5042689.74,321.435,306.2430382053042,2.5018052339334185,0.30703938419791577,2.680453865910226,3_post_inflation_shock
2025-07-01,16547.5,4.3,5057212.7,322.169,305.6179302009367,2.6277924558726795,0.2378502321403575,2.742618052167134,3_post_inflation_shock
2025-08-01,16595.8,4.1,5059896.38,323.291,304.89017582761903,2.787739150362012,0.1366453857424732,2.9385917430316155,3_post_inflation_shock
2025-09-01,16614.3,4.0,5071365.99,324.245,305.24102670591,2.381715328017342,0.2837643791665512,3.0225715847133294,3_post_inflation_shock
2025-11-01,16715.4,3.5,5084831.24,325.063,304.200392452469,2.5516120126384267,0.4776704954830402,2.6964439164939513,3_post_inflation_shock
