Date,Credit_Owned,Personal_Expenditure,Saving_Rate,CPI_All_Items,CPI_Core,CPI_Rent,CPI_Food,CPI_Energy,Interest_Rate_Federal_Funds,Interest_Rate_10Y_Treasury,Real_Disposable_Income,Real_Wages_All,Real_Wages_Private,Credit_Card_Delinquency,Unemployment_Rate,Employment_Total_Nonfarm,Labor_Force_Participation,Initial_Claims,PCE_Inflation,Core_PCE_Inflation,GDP_Real,Consumer_Sentiment,Housing_Starts,S&P_500,Wage_Growth,Inflation_Rate
2007-01-01,2457945.58,11181.0,2.4,203.437,208.6,237.255,2642.923,146.6,5.25,4.76,11956.6,1822.0,20.59,3.98,4.6,137472.0,66.4,,85.316,85.224,16611.69,96.9,1409.0,,17.09,2.85267248150138
2007-02-01,2470049.92,11178.2,2.8,204.226,209.135,238.107,2647.6126666666664,157.5,5.26,4.72,11996.0,1640.0,20.68,3.993333333333333,4.5,137560.0,66.3,,85.581,85.408,16645.564666666665,91.3,1480.0,,17.16,2.85267248150138
2007-03-01,2484433.18,11190.7,3.0,205.288,209.418,238.538,2652.3023333333335,156.3,5.26,4.56,12035.1,1623.0,20.72,4.006666666666666,4.4,137784.0,66.2,,85.894,85.494,16679.439333333332,88.4,1495.0,,17.22,2.85267248150138
2007-04-01,2493729.77,11201.5,3.0,205.904,209.747,239.14,2656.992,167.8,5.25,4.69,12052.8,1539.0,20.79,4.02,4.5,137847.0,65.9,,86.096,85.616,16713.314,87.1,1490.0,,17.27,2.85267248150138
2007-05-01,2510016.06,11218.0,2.8,206.755,210.058,239.637,2651.677,169.9,5.25,4.75,12059.9,1536.0,20.84,4.1499999999999995,4.4,137992.0,66.0,,86.346,85.717,16745.405,88.3,1415.0,,17.34,2.85267248150138
2007-06-01,2519121.04,11218.5,2.7,207.234,210.392,240.345,2646.362,177.4,5.25,5.1,12053.3,1481.0,20.95,4.28,4.6,138070.0,66.0,,86.529,85.859,16777.496,85.3,1448.0,,17.41,2.85267248150138
2007-07-01,2533667.67,11252.6,2.6,207.603,210.773,240.843,2641.047,200.4,5.26,5.0,12066.4,1534.0,20.94,4.41,4.7,138044.0,66.0,,86.661,85.988,16809.587,90.4,1354.0,,17.46,2.85267248150138
2007-08-01,2552767.07,11300.1,2.2,207.667,211.119,241.45,2632.4576666666667,197.9,5.02,4.67,12070.9,1512.0,21.0,4.473333333333334,4.6,138013.0,65.8,,86.72,86.116,16844.788333333334,83.4,1330.0,,17.5,2.85267248150138
2007-09-01,2566995.36,11309.6,2.3,208.547,211.554,242.037,2623.8683333333333,214.5,4.94,4.52,12089.6,1356.0,21.04,4.536666666666666,4.7,138099.0,66.0,320000.0,87.054,86.351,16879.989666666665,83.4,1183.0,,17.55,2.85267248150138
2007-10-01,2582326.03,11318.6,2.2,209.19,212.077,242.581,2615.279,223.3,4.76,4.53,12080.4,1405.0,21.06,4.6,4.7,138175.0,65.8,326750.0,87.318,86.576,16915.191,80.9,1264.0,,17.58,2.85267248150138
2007-11-01,2597649.3,11342.2,1.9,210.834,212.66,243.305,2603.644,252.6,4.49,4.15,12070.1,1390.0,21.12,4.656666666666666,4.7,138290.0,66.0,333500.0,87.781,86.746,16891.128333333334,76.1,1197.0,,17.63,2.85267248150138
2007-12-01,2609476.53,11335.1,2.4,211.445,213.168,243.979,2592.009,246.8,4.24,4.1,12120.5,1328.0,21.16,4.713333333333333,5.0,138395.0,66.0,340250.0,87.984,86.92,16867.065666666665,75.5,1037.0,,17.68,2.85267248150138
2008-01-01,2619427.65,11333.2,2.6,212.174,213.771,244.564,2580.374,253.5,3.94,3.74,12137.1,1331.0,21.19,4.77,5.0,138391.0,66.2,342000.0,88.206,87.093,16843.003,78.4,1084.0,,17.74,3.839100296651
2008-02-01,2634496.42,11293.9,3.0,212.687,213.939,244.926,2574.5316666666668,257.0,2.98,3.74,12141.8,1274.0,21.27,4.8133333333333335,4.9,138329.0,66.0,343750.0,88.382,87.178,16876.432333333334,70.8,1103.0,,17.8,3.839100296651
2008-03-01,2645603.64,11322.1,2.9,213.448,214.42,245.659,2568.6893333333333,297.7,2.61,3.51,12145.9,1195.0,21.36,4.8566666666666665,5.1,138259.0,66.1,345500.0,88.635,87.349,16909.861666666668,69.5,1005.0,,17.87,3.839100296651
2008-04-01,2654243.23,11340.5,2.4,213.942,214.56,245.608,2562.847,314.4,2.28,3.68,12100.8,1022.0,21.38,4.9,5.0,138040.0,65.9,361968.75,88.799,87.4,16943.291,62.6,1013.0,,17.92,3.839100296651
2008-05-01,2660193.15,11361.6,6.8,215.208,214.936,245.902,2546.587,349.5,1.98,3.88,12696.2,1142.0,21.47,4.866666666666667,5.4,137851.0,66.1,378437.5,89.18,87.559,16913.625666666667,59.8,973.0,,17.98,3.839100296651
2008-06-01,2662409.52,11340.7,4.6,217.463,215.424,246.406,2530.327,367.5,2.0,4.1,12376.6,1142.0,21.52,4.833333333333333,5.6,137700.0,66.1,394906.25,89.827,87.76,16883.960333333333,56.4,1046.0,,18.04,3.839100296651
2008-07-01,2665321.26,11286.0,3.6,219.016,215.965,246.863,2514.067,384.3,2.01,4.01,12188.7,1087.0,21.6,4.8,5.8,137497.0,66.1,411375.0,90.245,87.918,16854.295,61.2,923.0,,18.1,3.839100296651
2008-08-01,2662237.78,11284.7,3.1,218.69,216.393,247.208,2466.088,321.6,2.0,3.89,12120.6,1017.0,21.7,5.08,6.1,137211.0,66.1,427843.75,90.172,88.026,16731.31333333333,63.0,844.0,,18.18,3.839100296651
2008-09-01,2657389.13,11209.7,3.9,218.877,216.713,247.723,2418.109,291.5,1.81,3.69,12149.0,1160.0,21.73,5.359999999999999,6.1,136760.0,66.0,444312.5,90.247,88.116,16608.331666666665,70.3,820.0,,18.2,3.839100296651
2008-10-01,2660729.5,11192.5,4.9,216.995,216.788,247.995,2370.13,215.6,0.97,3.81,12240.5,1055.0,21.76,5.64,6.5,136291.0,66.0,460781.25,89.651,87.991,16485.35,57.6,777.0,,18.25,3.839100296651
2008-11-01,2651481.39,11158.2,6.0,213.153,216.947,248.486,2302.0446666666667,150.9,0.39,3.53,12345.9,1076.0,21.86,5.93,6.8,135541.0,65.9,477250.0,88.593,87.952,16422.98733333333,55.3,652.0,,18.31,3.839100296651
2008-12-01,2643788.96,11125.8,5.8,211.398,216.925,248.508,2233.9593333333332,104.5,0.16,2.42,12288.8,1021.0,21.95,6.22,7.3,134847.0,65.8,486666.6666666667,88.098,87.909,16360.624666666667,60.1,560.0,,18.39,3.839100296651
2009-01-01,2647028.86,11176.3,5.9,211.933,217.346,248.963,2165.874,94.9,0.15,2.52,12361.5,777.0,21.96,6.51,7.8,134079.0,65.7,496083.3333333333,88.108,87.882,16298.262,61.2,490.0,,18.39,-0.355546266299747
2009-02-01,2638532.74,11130.5,5.4,212.705,217.792,249.087,2130.4663333333333,95.9,0.22,2.87,12241.9,819.0,21.98,6.596666666666667,8.3,133318.0,65.8,505500.0,88.266,87.952,16288.556333333334,56.3,582.0,,18.44,-0.355546266299747
2009-03-01,2622827.85,11084.6,5.8,212.495,218.253,249.36,2095.0586666666663,122.6,0.18,2.82,12242.7,839.0,22.05,6.683333333333333,8.7,132494.0,65.6,514916.6666666667,88.169,88.015,16278.850666666667,57.3,505.0,,18.49,-0.355546266299747
2009-04-01,2615973.01,11068.0,6.5,212.709,218.706,249.579,2059.651,132.5,0.15,2.93,12320.0,846.0,22.1,6.77,9.0,131822.0,65.7,524333.3333333334,88.295,88.211,16269.145,65.1,478.0,,18.52,-0.355546266299747
2009-05-01,2610010.78,11078.1,7.8,213.022,218.904,249.643,2054.908,157.5,0.18,3.29,12500.1,818.0,22.12,6.676666666666667,9.4,131466.0,65.7,533750.0,88.387,88.279,16288.190333333334,68.7,540.0,,18.53,-0.355546266299747
2009-06-01,2591475.41,11081.1,6.1,214.79,219.112,249.492,2050.165,189.2,0.21,3.72,12273.2,797.0,22.14,6.583333333333333,9.5,131008.0,65.7,543166.6666666666,88.912,88.392,16307.235666666667,70.8,585.0,,18.56,-0.355546266299747
2009-07-01,2590854.98,11118.1,5.4,214.726,219.263,249.149,2045.422,160.6,0.16,3.56,12218.7,797.0,22.18,6.49,9.5,130662.0,65.5,552583.3333333334,88.922,88.468,16326.281,66.0,594.0,,18.59,-0.355546266299747
2009-08-01,2582126.01,11218.0,4.4,215.445,219.496,249.519,2047.213,188.6,0.16,3.59,12194.8,792.0,22.23,6.4366666666666665,9.6,130472.0,65.4,562000.0,89.18,88.599,16385.105333333333,65.7,586.0,,18.67,-0.355546266299747
2009-09-01,2576594.39,11114.6,5.5,215.861,219.92,249.415,2049.004,188.3,0.15,3.4,12230.6,721.0,22.27,6.383333333333334,9.8,130246.0,65.1,550888.8888888889,89.324,88.755,16443.929666666667,73.5,585.0,,18.7,-0.355546266299747
2009-10-01,2563422.73,11127.1,5.1,216.509,220.501,249.643,2050.795,201.3,0.12,3.39,12193.2,746.0,22.31,6.33,10.0,130061.0,65.0,539777.7777777778,89.663,89.082,16502.754,70.6,534.0,,18.74,-0.355546266299747
2009-11-01,2551569.29,11109.4,5.5,217.234,220.666,249.211,2046.996,213.8,0.12,3.4,12224.4,844.0,22.34,6.1466666666666665,9.9,130057.0,65.0,528666.6666666666,89.887,89.16,16529.406,67.4,588.0,,18.8,-0.355546266299747
2009-12-01,2555016.64,11177.3,5.4,217.347,220.881,249.219,2043.197,195.4,0.12,3.59,12280.2,750.0,22.37,5.963333333333334,9.9,129808.0,64.6,517555.55555555556,89.939,89.236,16556.058,72.5,581.0,,18.84,-0.355546266299747
2010-01-01,2543508.02,11156.8,5.6,217.488,220.633,248.034,2039.398,217.6,0.11,3.73,12285.8,689.0,22.4,5.78,9.8,129802.0,64.8,506444.44444444444,90.136,89.368,16582.71,74.4,614.0,,18.88,1.6400434423899
2010-02-01,2530024.28,11198.6,5.3,217.281,220.731,247.997,2063.6276666666668,204.8,0.13,3.69,12292.0,670.0,22.46,5.553333333333334,9.8,129706.0,64.9,495333.3333333333,90.134,89.446,16636.194,73.6,604.0,,18.91,1.6400434423899
2010-03-01,2536551.95,11252.1,5.3,217.353,220.783,247.914,2087.8573333333334,223.3,0.16,3.73,12340.3,635.0,22.46,5.326666666666666,9.9,129866.0,64.9,484222.22222222225,90.261,89.579,16689.678,73.6,636.0,,18.92,1.6400434423899
2010-04-01,2532764.79,11275.1,6.0,217.403,220.822,247.959,2112.087,233.1,0.2,3.85,12447.1,737.0,22.49,5.1,9.9,130120.0,65.2,473111.1111111111,90.31,89.625,16743.162,72.2,687.0,,18.96,1.6400434423899
2010-05-01,2521687.94,11303.2,6.4,217.29,220.962,248.128,2115.924,205.1,0.2,3.42,12540.3,702.0,22.51,4.926666666666667,9.6,130642.0,64.9,462000.0,90.339,89.724,16786.196666666667,73.6,583.0,,19.01,1.6400434423899
2010-06-01,2518416.41,11330.6,6.2,217.199,221.194,248.295,2119.761,206.5,0.18,3.2,12544.3,894.0,22.53,4.753333333333333,9.4,130510.0,64.6,456312.5,90.301,89.767,16829.231333333333,76.0,536.0,,19.03,1.6400434423899
2010-07-01,2521104.8,11361.7,6.1,217.605,221.363,248.43,2123.598,208.1,0.18,3.01,12554.2,572.0,22.59,4.58,9.4,130415.0,64.6,450625.0,90.378,89.769,16872.266,67.8,546.0,,19.04,1.6400434423899
2010-08-01,2520422.13,11389.2,6.2,217.923,221.509,248.43,2139.4446666666668,211.8,0.19,2.7,12591.4,592.0,22.62,4.433333333333334,9.5,130415.0,64.7,444937.5,90.502,89.855,16901.798666666666,68.9,599.0,,19.11,1.6400434423899
2010-09-01,2522094.23,11399.9,6.1,218.275,221.711,248.568,2155.291333333333,207.1,0.19,2.65,12589.9,632.0,22.67,4.286666666666666,9.5,130341.0,64.6,439250.0,90.592,89.906,16931.331333333335,68.2,594.0,,19.11,1.6400434423899
2010-10-01,2530106.0,11428.9,5.9,219.035,221.83,248.692,2171.138,224.0,0.19,2.54,12592.5,605.0,22.73,4.14,9.4,130620.0,64.4,433562.5,90.881,90.043,16960.864,67.7,543.0,,19.21,1.6400434423899
2010-11-01,2531232.26,11458.0,5.8,219.59,222.149,248.993,2172.0536666666667,237.1,0.19,2.76,12605.1,552.0,22.73,4.033333333333333,9.8,130749.0,64.6,427875.0,91.062,90.16,16947.453333333335,71.6,545.0,,19.21,1.6400434423899
2010-12-01,2646811.26,11473.2,6.2,220.472,222.343,249.284,2172.9693333333335,243.9,0.18,3.29,12680.6,565.0,22.76,3.9266666666666663,9.3,130830.0,64.3,422187.5,91.268,90.179,16934.042666666668,74.5,539.0,,19.23,1.6400434423899
2011-01-01,2657360.1,11486.0,6.6,221.187,222.803,249.621,2173.885,251.9,0.17,3.39,12740.1,520.0,22.87,3.82,9.1,130837.0,64.2,416500.0,91.542,90.372,16920.632,74.2,630.0,,19.33,3.156841568622
2011-02-01,2663779.92,11482.8,6.9,221.898,223.213,249.924,2194.6916666666666,241.5,0.16,3.58,12776.6,615.0,22.87,3.763333333333333,9.0,131057.0,64.1,416388.8888888889,91.797,90.53,16958.792666666668,77.5,517.0,,19.31,3.156841568622
2011-03-01,2672031.38,11522.6,6.3,223.046,223.454,250.158,2215.4983333333334,283.7,0.14,3.41,12742.7,591.0,22.87,3.7066666666666666,9.0,131283.0,64.2,416277.77777777775,92.166,90.667,16996.953333333335,67.5,600.0,,19.3,3.156841568622
2011-04-01,2679950.15,11508.9,6.3,224.093,223.727,250.412,2236.305,311.0,0.1,3.46,12721.3,549.0,22.91,3.65,9.1,131597.0,64.2,416166.6666666667,92.557,90.875,17035.114,69.8,554.0,,19.36,3.156841568622
2011-05-01,2683973.45,11495.6,6.3,224.806,224.175,250.66,2269.161,290.1,0.09,3.17,12705.3,549.0,22.97,3.5833333333333335,9.0,131703.0,64.1,416055.55555555556,92.838,91.091,17033.847,74.3,561.0,,19.41,3.156841568622
2011-06-01,2693088.33,11522.3,6.5,224.806,224.697,251.178,2302.017,277.7,0.09,3.0,12756.9,579.0,23.0,3.5166666666666666,9.1,131931.0,64.0,415944.44444444444,92.819,91.191,17032.579999999998,71.5,608.0,,19.41,3.156841568622
2011-07-01,2717525.97,11542.3,6.7,225.395,225.218,251.834,2334.873,284.2,0.07,3.0,12805.6,634.0,23.11,3.45,9.0,131992.0,64.0,415833.3333333333,92.977,91.326,17031.313,63.7,623.0,,19.48,3.156841568622
2011-08-01,2709151.87,11535.3,6.7,226.106,225.862,252.329,2356.628,245.2,0.1,2.3,12799.7,614.0,23.06,3.3833333333333333,9.0,132125.0,64.1,415722.22222222225,93.196,91.508,17095.069666666666,55.8,585.0,,19.47,3.156841568622
2011-09-01,2720060.44,11554.3,6.4,226.597,226.118,252.668,2378.383,268.9,0.08,1.98,12781.7,603.0,23.11,3.316666666666667,9.0,132344.0,64.2,415611.1111111111,93.327,91.57,17158.82633333333,59.5,650.0,,19.49,3.156841568622
2011-10-01,2727962.54,11575.1,6.3,226.75,226.506,253.184,2400.138,265.2,0.07,2.15,12791.9,566.0,23.18,3.25,8.8,132553.0,64.1,415500.0,93.329,91.614,17222.583,60.8,610.0,,19.56,3.156841568622
2011-11-01,2746799.26,11555.7,6.4,227.169,226.899,253.619,2429.2496666666666,302.6,0.08,2.01,12782.7,585.0,23.19,3.1866666666666665,8.6,132690.0,64.1,411659.0909090909,93.52,91.808,17270.725333333332,63.7,711.0,,19.56,3.156841568622
2011-12-01,2756224.85,11560.9,7.2,227.223,227.405,254.15,2458.3613333333333,283.5,0.07,1.98,12898.5,610.0,23.22,3.1233333333333335,8.5,132888.0,64.0,407818.1818181818,93.574,91.96,17318.867666666665,69.9,694.0,,19.57,3.156841568622
2012-01-01,2770124.65,11605.5,7.4,227.842,227.877,254.512,2487.473,291.7,0.08,1.97,12967.5,545.0,23.26,3.06,8.3,133246.0,63.7,403977.2727272727,93.894,92.235,17367.01,75.0,723.0,,19.59,2.06933726526067
2012-02-01,2777643.62,11675.8,7.3,228.329,228.034,254.951,2506.8013333333333,295.3,0.1,1.97,13029.6,561.0,23.28,3.013333333333333,8.3,133509.0,63.8,400136.36363636365,94.104,92.364,17392.84833333333,75.3,704.0,,19.58,2.06933726526067
2012-03-01,2791565.95,11660.5,7.6,228.807,228.478,255.474,2526.1296666666667,305.4,0.13,2.17,13066.4,582.0,23.36,2.966666666666667,8.2,133748.0,63.8,396295.45454545453,94.284,92.521,17418.68666666667,76.2,695.0,,19.64,2.06933726526067
2012-04-01,2802317.58,11671.4,7.9,229.187,228.905,256.056,2545.458,297.8,0.14,2.05,13116.5,671.0,23.39,2.92,8.2,133825.0,63.7,392454.54545454547,94.408,92.661,17444.525,76.4,753.0,,19.68,2.06933726526067
2012-05-01,2817982.27,11672.0,7.9,228.713,229.224,256.451,2550.202,273.0,0.16,1.8,13112.5,626.0,23.41,2.8866666666666667,8.2,133932.0,63.7,388613.63636363635,94.302,92.755,17452.9,79.3,708.0,,19.68,2.06933726526067
2012-06-01,2829850.8,11659.9,7.9,228.524,229.623,256.813,2554.946,241.4,0.16,1.62,13097.2,625.0,23.46,2.853333333333333,8.2,134013.0,63.8,384772.7272727273,94.254,92.85,17461.275,73.2,757.0,,19.71,2.06933726526067
2012-07-01,2840049.63,11684.4,7.0,228.59,229.97,257.153,2559.69,247.6,0.16,1.53,12999.8,676.0,23.49,2.82,8.2,134157.0,63.7,380931.8181818182,94.288,92.946,17469.65,72.3,740.0,,19.75,2.06933726526067
2012-08-01,2857102.48,11686.7,6.7,229.918,230.233,257.647,2576.309333333333,271.3,0.13,1.68,12961.6,684.0,23.48,2.783333333333333,8.1,134339.0,63.5,377090.90909090906,94.605,93.005,17476.384000000002,74.3,754.0,,19.74,2.06933726526067
2012-09-01,2865789.74,11703.2,7.2,231.015,230.659,258.233,2592.9286666666667,282.3,0.14,1.72,13053.1,652.0,23.57,2.7466666666666666,7.8,134517.0,63.6,373250.0,94.893,93.119,17483.118,78.3,847.0,,19.79,2.06933726526067
2012-10-01,2881779.34,11702.3,7.8,231.638,231.024,258.816,2609.548,268.4,0.16,1.75,13142.0,730.0,23.56,2.71,7.8,134669.0,63.8,383416.6666666667,95.174,93.345,17489.852,82.6,915.0,,19.79,2.06933726526067
2012-11-01,2903346.97,11753.4,8.7,231.249,231.33,259.216,2626.7639999999997,256.6,0.16,1.65,13315.7,668.0,23.63,2.6866666666666665,7.7,134825.0,63.6,393583.3333333333,95.109,93.445,17547.368,82.7,833.0,,19.84,2.06933726526067
2012-12-01,2912905.02,11758.3,10.9,231.221,231.725,259.644,2643.98,252.4,0.16,1.72,13642.7,677.0,23.72,2.6633333333333336,7.9,135074.0,63.7,403750.0,95.094,93.514,17604.884000000002,72.9,976.0,,19.9,2.06933726526067
2013-01-01,2931381.51,11810.6,4.9,231.679,232.229,260.142,2661.196,270.0,0.14,1.91,12845.5,714.0,23.74,2.64,8.0,135257.0,63.7,394875.0,95.275,93.703,17662.4,73.8,888.0,,19.93,1.46483265562717
2013-02-01,2953480.76,11808.6,4.7,232.937,232.569,260.719,2673.3136666666664,275.0,0.15,1.98,12813.9,729.0,23.78,2.6033333333333335,7.7,135546.0,63.4,386000.0,95.614,93.805,17678.157,77.6,962.0,,19.99,1.46483265562717
2013-03-01,2963147.07,11823.8,4.8,232.282,232.794,261.176,2685.4313333333334,271.6,0.14,1.96,12852.1,816.0,23.8,2.5666666666666664,7.5,135689.0,63.3,377125.0,95.488,93.891,17693.914,78.6,1010.0,,20.01,1.46483265562717
2013-04-01,2972772.62,11826.4,5.1,231.797,232.832,261.679,2697.549,276.5,0.15,1.76,12893.4,712.0,23.87,2.53,7.6,135873.0,63.4,368250.0,95.391,93.937,17709.671,76.4,835.0,,20.04,1.46483265562717
2013-05-01,2988661.4,11860.1,5.3,231.893,232.996,262.263,2716.934333333333,276.8,0.11,1.93,12954.2,708.0,23.89,2.5,7.5,136096.0,63.4,359375.0,95.461,94.047,17759.930666666667,84.5,930.0,,20.05,1.46483265562717
2013-06-01,3000936.05,11857.7,5.4,232.445,233.35,262.797,2736.3196666666668,276.6,0.09,2.3,12955.7,736.0,23.96,2.4699999999999998,7.5,136279.0,63.4,350500.0,95.673,94.209,17810.190333333332,84.1,839.0,,20.13,1.46483265562717
2013-07-01,3014697.69,11872.3,5.2,232.9,233.88,263.239,2755.705,303.0,0.09,2.58,12941.8,784.0,23.98,2.44,7.3,136391.0,63.3,347812.5,95.792,94.329,17860.45,85.1,880.0,,20.14,1.46483265562717
2013-08-01,3030269.0,11890.3,5.2,233.456,234.336,263.86,2776.119333333333,304.1,0.08,2.74,12969.6,765.0,24.02,2.42,7.2,136646.0,63.3,345125.0,95.934,94.431,17912.349000000002,82.1,917.0,,20.17,1.46483265562717
2013-09-01,3045861.58,11926.1,5.3,233.544,234.7,264.321,2796.5336666666667,304.8,0.08,2.81,13027.5,776.0,24.06,2.4,7.2,136821.0,63.2,342437.5,95.976,94.543,17964.248,77.5,850.0,,20.23,1.46483265562717
2013-10-01,3063380.14,11964.6,4.7,233.669,234.921,264.684,2816.948,285.9,0.09,2.62,12974.6,801.0,24.09,2.38,7.2,137041.0,62.8,339750.0,96.103,94.703,18016.147,73.2,925.0,,20.25,1.46483265562717
2013-11-01,3075875.88,12013.7,4.5,234.1,235.359,265.496,2834.8886666666667,260.1,0.08,2.72,12998.9,839.0,24.16,2.36,6.9,137317.0,63.0,337062.5,96.246,94.86,17995.422666666665,75.1,1100.0,,20.31,1.46483265562717
2013-12-01,3090467.79,12024.7,4.5,234.719,235.759,266.228,2852.829333333333,270.2,0.09,2.9,13019.1,778.0,24.18,2.34,6.7,137372.0,62.9,334375.0,96.414,94.961,17974.698333333334,82.5,1002.0,,20.34,1.46483265562717
2014-01-01,3113002.96,11985.0,5.2,235.288,235.961,266.892,2870.77,261.1,0.07,2.86,13079.5,838.0,24.22,2.32,6.6,137561.0,62.9,331687.5,96.614,95.064,17953.974,81.2,888.0,,20.39,1.62222297740817
2014-02-01,3133891.8,12039.4,5.3,235.547,236.185,267.481,2900.961,284.4,0.07,2.71,13148.0,876.0,24.33,2.3,6.7,137712.0,62.9,329000.0,96.66,95.109,18031.286333333333,81.6,944.0,,20.51,1.62222297740817
2014-03-01,3150697.02,12108.3,5.2,236.028,236.625,268.287,2931.152,282.4,0.08,2.72,13219.9,893.0,24.31,2.28,6.7,137985.0,63.1,332250.0,96.815,95.25,18108.598666666665,80.0,970.0,,20.5,1.62222297740817
2014-04-01,3173234.63,12128.1,5.4,236.468,237.072,268.923,2961.343,289.9,0.09,2.71,13270.2,834.0,24.34,2.26,6.2,138298.0,62.8,326406.25,96.987,95.413,18185.911,84.1,1043.0,,20.51,1.62222297740817
2014-05-01,3192546.34,12154.5,5.6,236.918,237.529,269.715,2986.933,286.7,0.09,2.56,13312.9,891.0,24.4,2.2399999999999998,6.3,138513.0,62.9,320562.5,97.147,95.574,18259.587666666666,81.9,1007.0,,20.53,1.62222297740817
2014-06-01,3209899.68,12197.1,5.6,237.231,237.837,270.149,3012.5229999999997,292.6,0.1,2.6,13360.4,800.0,24.46,2.22,6.1,138849.0,62.8,314718.75,97.253,95.682,18333.264333333333,82.5,911.0,,20.6,1.62222297740817
2014-07-01,3231535.62,12223.6,5.5,237.498,238.195,270.891,3038.113,280.4,0.09,2.54,13386.8,839.0,24.48,2.2,6.2,139072.0,62.9,308875.0,97.391,95.848,18406.941,81.8,1085.0,,20.61,1.62222297740817
2014-08-01,3248721.35,12306.5,5.3,237.46,238.405,271.493,3054.252,269.2,0.09,2.42,13445.9,908.0,24.54,2.1833333333333336,6.1,139269.0,62.9,303031.25,97.379,95.885,18437.970999999998,82.5,984.0,,20.66,1.62222297740817
2014-09-01,3265101.43,12310.2,5.5,237.477,238.786,272.118,3070.391,257.2,0.09,2.53,13486.3,975.0,24.56,2.1666666666666665,5.9,139563.0,62.8,297187.5,97.413,96.013,18469.001,84.6,1023.0,,20.66,1.62222297740817
2014-10-01,3275438.44,12389.1,5.4,237.43,239.191,272.73,3086.53,225.7,0.09,2.3,13550.7,920.0,24.59,2.15,5.7,139798.0,62.9,291343.75,97.384,96.096,18500.031,86.9,1074.0,,20.7,1.62222297740817
2014-11-01,3283048.38,12420.6,5.6,236.983,239.458,273.436,3093.367,211.7,0.09,2.33,13624.4,863.0,24.66,2.1366666666666667,5.8,140089.0,62.9,285500.0,97.291,96.181,18555.560999999998,88.8,1001.0,,20.77,1.62222297740817
2014-12-01,3309539.83,12455.1,6.0,236.252,239.584,273.997,3100.204,168.9,0.12,2.21,13719.1,955.0,24.63,2.123333333333333,5.6,140364.0,62.8,284027.77777777775,97.12,96.249,18611.091,93.6,1073.0,,20.71,1.62222297740817
2015-01-01,3319930.47,12484.7,6.3,234.747,239.811,274.762,3107.041,120.1,0.11,1.88,13797.7,954.0,24.74,2.11,5.7,140568.0,62.9,282555.55555555556,96.654,96.214,18666.621,98.1,1085.0,,20.8,0.118627135552451
2015-02-01,3337844.15,12514.1,6.4,235.342,240.172,275.47,3117.9793333333337,130.3,0.11,1.98,13848.0,863.0,24.79,2.1133333333333333,5.5,140827.0,62.7,281083.3333333333,96.825,96.324,18705.161666666667,95.4,886.0,,20.84,0.118627135552451
2015-03-01,3360575.76,12551.8,5.9,235.976,240.755,276.258,3128.9176666666667,127.5,0.11,2.04,13811.3,781.0,24.85,2.1166666666666667,5.4,140923.0,62.6,279611.1111111111,97.008,96.47,18743.70233333333,93.0,960.0,,20.91,0.118627135552451
2015-04-01,3382639.53,12574.8,5.9,236.222,241.346,277.003,3139.856,143.0,0.12,1.94,13842.0,1001.0,24.89,2.12,5.4,141196.0,62.8,278138.8888888889,97.094,96.648,18782.243,95.9,1190.0,,20.92,0.118627135552451
2015-05-01,3399365.69,12612.7,5.8,237.001,241.688,277.524,3152.173666666667,165.4,0.12,2.2,13865.6,1012.0,24.97,2.13,5.6,141538.0,62.9,276666.6666666667,97.327,96.766,18807.301333333333,90.7,1079.0,,20.98,0.118627135552451
2015-06-01,3425250.89,12621.6,5.7,237.657,242.064,278.284,3164.4913333333334,164.6,0.13,2.36,13874.1,962.0,24.97,2.14,5.3,141709.0,62.7,275194.44444444444,97.516,96.882,18832.359666666667,96.1,1205.0,,21.0,0.118627135552451
2015-07-01,3444143.74,12668.4,5.6,238.034,242.565,279.329,3176.809,143.4,0.13,2.32,13905.7,988.0,25.01,2.15,5.2,141991.0,62.6,273722.22222222225,97.605,96.978,18857.418,93.1,1146.0,,21.03,0.118627135552451
2015-08-01,3460249.09,12699.7,5.6,238.033,242.817,279.921,3174.449,115.4,0.14,2.17,13935.8,974.0,25.1,2.1533333333333333,5.1,142125.0,62.6,272250.0,97.612,97.056,18869.014,91.9,1130.0,,21.11,0.118627135552451
2015-09-01,3487879.79,12707.2,5.8,237.498,243.316,280.737,3172.089,117.6,0.14,2.17,13972.2,1040.0,25.11,2.1566666666666667,5.0,142275.0,62.4,270553.5714285714,97.477,97.196,18880.61,87.2,1224.0,,21.09,0.118627135552451
2015-10-01,3502824.92,12715.9,5.8,237.733,243.768,281.429,3169.729,121.5,0.12,2.07,13996.9,985.0,25.2,2.16,5.0,142579.0,62.5,268857.14285714284,97.477,97.228,18892.206,90.0,1058.0,,21.19,0.118627135552451
2015-11-01,3510642.87,12737.0,5.6,238.017,244.241,282.129,3173.819,111.7,0.12,2.26,13993.4,1000.0,25.25,2.1566666666666667,5.1,142808.0,62.5,267160.71428571426,97.538,97.332,18928.700666666664,91.3,1172.0,,21.21,0.118627135552451
2015-12-01,3400230.33,12777.3,5.8,237.761,244.547,282.779,3177.9089999999997,93.3,0.24,2.24,14060.2,1023.0,25.25,2.1533333333333333,5.0,143077.0,62.7,265464.28571428574,97.456,97.396,18965.195333333333,92.6,1146.0,,21.23,0.118627135552451
2016-01-01,3419760.04,12798.7,6.1,237.652,244.955,283.714,3181.999,75.1,0.34,2.09,14121.1,1056.0,25.37,2.15,4.8,143210.0,62.7,263767.85714285716,97.496,97.567,19001.69,92.0,1092.0,,21.31,1.26158320570536
2016-02-01,3438515.07,12884.0,5.6,237.336,245.51,284.502,3193.298333333333,69.5,0.38,1.78,14135.3,1037.0,25.38,2.17,4.9,143406.0,62.8,262071.42857142858,97.445,97.736,19022.029666666665,91.7,1225.0,,21.33,1.26158320570536
2016-03-01,3466202.59,12836.1,5.9,238.08,245.913,285.122,3204.5976666666666,91.5,0.36,1.89,14135.4,1003.0,25.45,2.19,5.0,143662.0,63.0,260375.0,97.673,97.876,19042.369333333332,91.0,1111.0,1978.35,21.39,1.26158320570536
2016-04-01,3486177.34,12870.2,5.5,238.992,246.551,285.853,3215.897,105.3,0.37,1.81,14106.2,945.0,25.53,2.21,5.1,143854.0,62.9,258678.57142857142,97.993,98.117,19062.709,89.0,1163.0,2072.78,21.46,1.26158320570536
2016-05-01,3503680.59,12891.2,5.3,239.557,247.137,286.855,3229.3469999999998,118.3,0.37,1.81,14095.5,1000.0,25.58,2.236666666666667,4.8,143900.0,62.7,256982.14285714287,98.153,98.284,19107.785333333333,94.7,1148.0,2086.0550000000003,21.48,1.26158320570536
2016-06-01,3524010.3,12948.6,4.9,240.222,247.54,287.819,3242.797,128.5,0.38,1.64,14104.9,1109.0,25.62,2.263333333333333,4.9,144147.0,62.7,255285.7142857143,98.325,98.386,19152.861666666664,93.5,1203.0,2099.33,21.52,1.26158320570536
2016-07-01,3542768.11,12972.2,5.1,240.101,247.829,288.524,3256.247,120.6,0.39,1.5,14160.1,1072.0,25.69,2.29,4.8,144520.0,62.8,253589.2857142857,98.342,98.529,19197.938,90.0,1239.0,2102.95,21.58,1.26158320570536
2016-08-01,3565415.37,12986.1,5.1,240.545,248.423,289.367,3271.766333333333,115.3,0.4,1.56,14176.7,1054.0,25.71,2.316666666666667,4.9,144661.0,62.9,251892.85714285716,98.479,98.703,19233.409333333333,89.8,1171.0,2170.84,21.6,1.26158320570536
2016-09-01,3586384.17,13020.9,5.1,241.176,248.842,290.369,3287.2856666666667,117.7,0.4,1.63,14209.1,1035.0,25.77,2.3433333333333333,5.0,144967.0,62.9,250196.42857142858,98.666,98.834,19268.880666666664,91.2,1068.0,2170.86,21.62,1.26158320570536
2016-10-01,3601496.03,13014.9,5.3,241.741,249.142,291.378,3302.805,132.8,0.4,1.76,14235.4,1070.0,25.9,2.37,4.9,145065.0,62.8,248500.0,98.868,98.961,19304.352,87.2,1313.0,2141.29,21.71,1.26158320570536
2016-11-01,3618234.46,13036.8,5.4,242.026,249.481,292.227,3320.800333333333,121.1,0.41,2.14,14273.6,1244.0,25.9,2.38,4.7,145183.0,62.7,245208.33333333334,98.901,99.005,19335.682333333334,93.8,1140.0,2111.72,21.71,1.26158320570536
2016-12-01,3636437.75,13128.5,5.0,242.637,249.92,293.066,3338.795666666667,138.7,0.54,2.49,14313.7,1101.0,25.93,2.39,4.7,145408.0,62.7,241916.66666666666,99.071,99.12,19367.012666666666,98.2,1252.0,2191.08,21.76,1.26158320570536
2017-01-01,3653343.88,13136.3,5.3,243.618,250.467,293.769,3356.791,138.4,0.65,2.43,14373.7,1081.0,26.0,2.4,4.7,145628.0,62.8,238625.0,99.451,99.385,19398.343,98.5,1190.0,2235.315,21.82,2.13011000365961
2017-02-01,3670001.71,13143.4,5.6,244.006,250.998,294.543,3373.674,143.3,0.66,2.42,14416.8,1148.0,26.07,2.43,4.6,145846.0,62.9,235333.33333333334,99.586,99.561,19434.545000000002,96.3,1271.0,2279.55,21.85,2.13011000365961
2017-03-01,3685313.86,13201.7,5.6,243.892,250.944,295.012,3390.5570000000002,131.0,0.79,2.48,14476.3,1147.0,26.11,2.46,4.4,145970.0,62.9,232041.66666666666,99.535,99.519,19470.747,96.9,1190.0,2395.96,21.88,2.13011000365961
2017-04-01,3699276.18,13206.1,5.7,244.193,251.227,295.741,3407.44,139.6,0.9,2.3,14509.3,1069.0,26.18,2.49,4.4,146175.0,63.0,228750.0,99.725,99.723,19506.949,97.0,1146.0,2392.145,21.94,2.13011000365961
2017-05-01,3713355.62,13214.5,6.3,244.004,251.43,296.461,3420.0543333333335,128.9,0.91,2.3,14610.7,1170.0,26.21,2.506666666666667,4.4,146380.0,62.8,235583.33333333334,99.682,99.803,19558.221333333335,97.1,1157.0,2388.33,21.97,2.13011000365961
2017-06-01,3729019.93,13256.7,6.0,244.163,251.746,297.215,3432.6686666666665,123.8,1.04,2.19,14618.7,1236.0,26.26,2.5233333333333334,4.3,146583.0,62.8,242416.66666666666,99.766,99.937,19609.493666666665,95.0,1249.0,2430.06,22.02,2.13011000365961
2017-07-01,3744877.31,13290.1,6.0,244.243,251.985,297.676,3445.283,124.7,1.15,2.32,14660.2,1173.0,26.35,2.54,4.3,146772.0,62.9,249250.0,99.803,100.01,19660.766,93.4,1206.0,2453.205,22.07,2.13011000365961
2017-08-01,3758495.85,13291.7,6.1,245.183,252.535,298.904,3473.671333333333,130.6,1.16,2.21,14678.3,1107.0,26.37,2.52,4.4,146919.0,62.9,246178.57142857142,100.027,100.118,19734.628,96.8,1159.0,2476.35,22.1,2.13011000365961
2017-09-01,3773286.65,13364.4,5.9,246.435,252.812,299.711,3502.0596666666665,134.9,1.15,2.2,14706.0,1113.0,26.49,2.5,4.3,147008.0,63.1,243107.14285714287,100.4,100.24,19808.489999999998,95.1,1181.0,2476.55,22.18,2.13011000365961
2017-10-01,3796951.2,13377.0,6.0,246.626,253.526,300.814,3530.448,142.4,1.15,2.36,14748.6,1196.0,26.5,2.48,4.2,147149.0,62.7,240035.7142857143,100.531,100.486,19882.352,100.7,1257.0,2527.955,22.18,2.13011000365961
2017-11-01,3816268.18,13450.3,5.6,247.284,253.816,301.43,3557.1616666666664,159.0,1.16,2.35,14771.1,1182.0,26.54,2.486666666666667,4.2,147372.0,62.7,236964.2857142857,100.675,100.535,19936.26033333333,98.5,1273.0,2579.36,22.22,2.13011000365961
2017-12-01,3830784.99,13555.4,5.0,247.805,254.344,302.428,3583.8753333333334,162.8,1.3,2.4,14797.9,1200.0,26.63,2.493333333333333,4.1,147523.0,62.7,233892.85714285713,100.821,100.683,19990.16866666667,95.9,1177.0,2642.22,22.29,2.13011000365961
2018-01-01,3847835.29,13541.3,5.7,248.859,255.204,303.213,3610.589,179.1,1.41,2.58,14886.6,1208.0,26.72,2.5,4.0,147660.0,62.7,230821.42857142858,101.199,101.007,20044.077,95.7,1299.0,2732.1,22.36,2.44258329692817
2018-02-01,3863797.02,13547.3,5.8,249.529,255.711,303.784,3629.1023333333333,172.0,1.42,2.86,14921.1,1288.0,26.74,2.5,4.1,148054.0,63.0,227750.0,101.416,101.198,20079.543333333335,99.7,1277.0,2821.98,22.41,2.44258329692817
2018-03-01,3876055.41,13586.5,5.9,249.577,256.271,304.812,3647.6156666666666,173.9,1.51,2.84,14974.8,1181.0,26.85,2.5,4.0,148280.0,62.9,224678.57142857142,101.524,101.419,20115.009666666665,101.4,1318.0,2677.67,22.49,2.44258329692817
2018-04-01,3883468.11,13598.7,6.0,250.227,256.63,305.72,3666.129,185.3,1.69,2.87,15007.2,1224.0,26.91,2.5,4.0,148420.0,62.9,221607.14285714284,101.766,101.602,20150.476,98.8,1276.0,2666.235,22.55,2.44258329692817
2018-05-01,3900522.44,13640.5,6.0,250.792,257.145,306.808,3674.095333333333,198.1,1.7,2.98,15057.8,1262.0,26.98,2.506666666666667,3.8,148742.0,62.9,218535.7142857143,101.941,101.78,20192.368666666665,98.0,1357.0,2654.8,22.6,2.44258329692817
2018-06-01,3902512.72,13653.7,6.3,251.018,257.399,307.183,3682.0616666666665,188.5,1.82,2.91,15119.3,1212.0,27.03,2.513333333333333,4.0,148960.0,63.0,215464.2857142857,102.029,101.872,20234.261333333332,98.2,1192.0,2734.62,22.66,2.44258329692817
2018-07-01,3924685.82,13682.7,6.5,251.214,257.699,308.05,3690.028,204.0,1.91,2.89,15184.7,1150.0,27.1,2.52,3.8,149020.0,63.0,212392.85714285716,102.137,102.006,20276.154,97.9,1208.0,2773.99,22.7,2.44258329692817
2018-08-01,3945881.92,13711.5,6.6,251.663,257.891,309.004,3695.5866666666666,189.3,1.91,2.89,15238.6,1262.0,27.21,2.526666666666667,3.8,149277.0,62.6,209321.42857142858,102.208,102.016,20285.727333333332,96.2,1288.0,2813.36,22.78,2.44258329692817
2018-09-01,3957685.36,13687.1,6.8,252.182,258.368,309.522,3701.1453333333334,195.2,1.95,3.0,15237.5,1187.0,27.32,2.533333333333333,3.7,149358.0,62.8,206250.0,102.418,102.205,20295.300666666666,100.1,1250.0,2868.9750000000004,22.86,2.44258329692817
2018-10-01,3976272.51,13727.1,6.7,252.772,258.917,310.401,3706.704,204.1,2.19,3.15,15274.1,1122.0,27.37,2.54,3.8,149527.0,62.9,213750.0,102.595,102.366,20304.874,98.6,1221.0,2924.59,22.89,2.44258329692817
2018-11-01,3991704.17,13800.3,6.5,252.594,259.439,311.247,3716.4176666666667,157.4,2.2,3.12,15315.2,1131.0,27.44,2.54,3.8,149617.0,62.9,221250.0,102.63,102.556,20347.129666666668,97.5,1181.0,2740.37,23.0,2.44258329692817
2018-12-01,4007041.95,13682.3,8.4,252.767,260.063,312.132,3726.1313333333333,136.7,2.27,2.83,15506.5,1053.0,27.56,2.54,3.9,149809.0,63.0,228750.0,102.701,102.735,20389.38533333333,98.3,1095.0,2729.09,23.11,2.44258329692817
2019-01-01,4027115.1,13721.7,8.4,252.561,260.766,312.998,3735.845,141.5,2.4,2.71,15536.3,1247.0,27.59,2.54,4.0,150060.0,63.1,226958.33333333334,102.648,102.87,20431.641,91.2,1226.0,2717.81,23.13,1.81221007526021
2019-02-01,4039700.24,13728.5,8.5,253.319,261.186,314.072,3764.1596666666665,150.6,2.4,2.68,15560.4,1304.0,27.69,2.5566666666666666,3.8,150067.0,63.1,225166.66666666666,102.836,102.963,20488.519,93.8,1121.0,2706.53,23.19,1.81221007526021
2019-03-01,4051968.06,13824.8,7.9,254.277,261.567,315.051,3792.4743333333336,158.9,2.41,2.57,15566.5,1313.0,27.77,2.5733333333333333,3.8,150295.0,63.0,223375.0,103.069,103.058,20545.397,98.4,1191.0,2803.69,23.29,1.81221007526021
2019-04-01,4068537.58,13825.9,7.6,255.233,261.997,316.172,3820.789,176.7,2.42,2.53,15534.2,1308.0,27.79,2.59,3.7,150591.0,62.8,221583.33333333334,103.36,103.265,20602.275,97.2,1272.0,2867.19,23.33,1.81221007526021
2019-05-01,4083364.56,13877.1,7.3,255.296,262.217,317.03,3836.981,171.0,2.39,2.4,15532.4,1221.0,27.88,2.5933333333333333,3.6,150618.0,62.9,219791.66666666666,103.435,103.371,20682.624,100.0,1293.0,2923.73,23.4,1.81221007526021
2019-06-01,4093992.14,13924.1,7.1,255.213,262.739,317.949,3853.173,153.4,2.38,2.07,15562.1,1178.0,27.97,2.5966666666666667,3.6,150838.0,63.0,218000.0,103.484,103.56,20762.973,98.2,1243.0,2944.0299999999997,23.48,1.81221007526021
2019-07-01,4117712.6,13989.9,6.8,255.802,263.28,318.777,3869.365,162.3,2.4,2.06,15581.4,1215.0,28.03,2.6,3.7,150937.0,63.1,217156.25,103.622,103.678,20843.322,98.4,1240.0,2964.33,23.53,1.81221007526021
2019-08-01,4134319.33,14043.6,6.9,256.036,263.877,319.37,3865.2816666666663,156.9,2.13,1.63,15664.3,1313.0,28.14,2.6033333333333335,3.6,151169.0,63.1,216312.5,103.67,103.797,20890.697333333334,89.8,1375.0,2953.56,23.61,1.81221007526021
2019-09-01,4146326.69,14066.2,7.0,256.43,264.388,320.436,3861.1983333333333,156.2,2.04,1.7,15697.5,1154.0,28.16,2.6066666666666665,3.5,151365.0,63.2,215468.75,103.733,103.873,20938.072666666667,93.2,1311.0,2946.9049999999997,23.68,1.81221007526021
2019-10-01,4163620.6,14067.2,7.1,257.155,264.97,320.862,3857.115,146.1,1.83,1.71,15718.1,1289.0,28.24,2.61,3.6,151460.0,63.3,214625.0,103.917,104.028,20985.448,95.5,1325.0,2940.25,23.75,1.81221007526021
2019-11-01,4164684.83,14142.8,6.9,257.879,265.548,321.611,3852.345333333333,155.9,1.55,1.81,15766.9,1266.0,28.34,2.6366666666666667,3.6,151667.0,63.3,213781.25,104.024,104.092,20893.369333333332,96.8,1353.0,3066.91,23.83,1.81221007526021
2019-12-01,4192191.39,14165.7,6.2,258.63,266.02,322.247,3847.5756666666666,162.8,1.55,1.86,15683.8,1308.0,28.38,2.663333333333333,3.6,151794.0,63.3,212937.5,104.307,104.322,20801.290666666668,99.3,1548.0,2947.6279999999997,23.85,1.81221007526021
2020-01-01,4171798.04,14230.7,6.8,259.127,266.716,323.487,3842.806,158.7,1.55,1.76,15842.8,1308.0,28.43,2.69,3.6,152031.0,63.3,212093.75,104.49,104.507,20709.212,99.8,1581.0,2828.346,23.91,1.23358439630629
2020-02-01,4185445.34,14181.4,7.5,259.25,267.37,324.483,3746.297,136.0,1.58,1.5,15900.3,1237.0,28.54,2.61,3.5,152293.0,63.3,211250.0,104.573,104.711,20165.471999999998,101.0,1549.0,2709.064,24.03,1.23358439630629
2020-03-01,4171393.21,13249.1,12.4,258.076,267.054,324.54,3649.788,89.8,0.65,0.87,15702.3,1237.0,28.73,2.5300000000000002,4.4,150895.0,62.6,391250.0,104.271,104.632,19621.732,89.1,1266.0,2589.782,24.12,1.23358439630629
2020-04-01,4106902.98,11798.6,31.8,256.032,265.746,324.391,3553.279,46.0,0.05,0.66,18015.3,1181.0,30.04,2.45,14.8,130426.0,60.1,571250.0,103.838,104.293,19077.992,71.8,936.0,2470.5,25.14,1.23358439630629
2020-05-01,4090245.93,12780.5,22.6,255.802,265.412,324.973,3636.626,62.5,0.05,0.67,17110.0,1174.0,29.72,2.296666666666667,13.2,133040.0,60.8,751250.0,103.942,104.402,19571.621,72.3,1039.0,2830.71,24.98,1.23358439630629
2020-06-01,4102329.81,13476.8,18.3,257.042,265.849,325.425,3719.973,94.3,0.08,0.73,17050.2,1229.0,29.38,2.1433333333333335,11.0,137671.0,61.5,931250.0,104.27,104.565,20065.25,78.1,1266.0,3055.73,24.78,1.23358439630629
2020-07-01,4118158.78,13683.5,17.9,258.352,267.389,326.249,3803.32,100.0,0.09,0.62,17202.9,1309.0,29.39,1.99,10.2,139255.0,61.5,1111250.0,104.578,104.937,20558.879,72.5,1526.0,3115.86,24.69,1.23358439630629
2020-08-01,4113990.24,13793.0,13.9,259.316,268.422,326.782,3860.8893333333335,104.4,0.1,0.65,16542.0,1263.0,29.49,2.026666666666667,8.4,140821.0,61.7,1291250.0,104.87,105.243,20636.558333333334,74.1,1396.0,3321.255,24.8,1.23358439630629
2020-09-01,4129452.39,13964.6,13.3,259.997,268.933,327.043,3918.4586666666664,101.1,0.09,0.68,16633.7,1437.0,29.51,2.0633333333333335,7.8,141770.0,61.4,1209666.6666666667,105.057,105.41,20714.237666666668,80.4,1473.0,3526.65,24.82,1.23358439630629
2020-10-01,4134643.38,14007.1,12.8,260.319,269.306,327.421,3976.028,102.8,0.09,0.79,16573.6,1395.0,29.54,2.1,6.9,142460.0,61.7,1128083.3333333333,105.151,105.507,20791.917,81.8,1543.0,3380.8,24.84,1.23358439630629
2020-11-01,4135719.78,13970.3,12.0,260.911,269.981,327.801,4012.411,106.8,0.09,0.87,16381.8,1261.0,29.64,2.026666666666667,6.7,142733.0,61.5,1046500.0,105.258,105.605,20888.656,76.9,1543.0,3521.625,24.94,1.23358439630629
2020-12-01,4149026.48,14026.7,11.8,262.045,270.341,328.217,4048.794,122.6,0.09,0.93,16397.7,1374.0,29.91,1.9533333333333334,6.7,142548.0,61.5,964916.6666666667,105.699,105.896,20985.395,80.7,1614.0,3662.45,25.16,1.23358439630629
2021-01-01,4157826.38,14204.7,19.5,262.687,270.387,328.535,4085.177,138.3,0.09,1.08,18194.0,1379.0,29.93,1.88,6.4,142863.0,61.4,883333.3333333334,106.147,106.281,21082.134,79.0,1630.0,3718.1549999999997,25.16,4.69785886363742
2021-02-01,4177322.53,14074.1,13.0,263.579,270.793,329.124,4119.857,155.4,0.08,1.26,16697.3,1299.0,30.05,1.7833333333333332,6.2,143380.0,61.4,801750.0,106.5,106.501,21201.732333333333,76.8,1404.0,3773.86,25.25,4.69785886363742
2021-03-01,4190733.4,14680.0,26.2,264.961,271.459,329.947,4154.537,169.1,0.07,1.61,20520.0,1435.0,30.03,1.6866666666666668,6.1,144232.0,61.5,720166.6666666667,107.054,106.933,21321.330666666665,84.9,1696.0,3901.82,25.33,4.69785886363742
2021-04-01,4207768.45,14796.0,12.4,266.614,273.66,331.208,4189.217,165.6,0.07,1.64,17420.7,1403.0,30.22,1.59,6.1,144587.0,61.6,638583.3333333334,107.618,107.558,21440.929,88.3,1495.0,4019.87,25.52,4.69785886363742
2021-05-01,4238937.19,14771.4,10.0,268.383,275.465,332.111,4207.400666666666,177.0,0.06,1.62,16922.4,1337.0,30.41,1.57,5.8,145065.0,61.6,557000.0,108.175,108.099,21499.895333333334,82.9,1589.0,4110.955,25.68,4.69785886363742
2021-06-01,4389849.1,14892.6,8.8,270.654,277.651,333.835,4225.584333333333,194.0,0.08,1.52,16838.1,1280.0,30.54,1.55,5.9,145820.0,61.7,515031.25,108.76,108.603,21558.861666666668,85.5,1650.0,4202.04,25.82,4.69785886363742
2021-07-01,4406029.54,14869.0,9.5,271.903,278.648,335.446,4243.768,200.244,0.1,1.32,16949.3,1365.0,30.66,1.53,5.4,146762.0,61.8,473062.5,109.256,109.058,21617.828,81.2,1597.0,4319.94,25.97,4.69785886363742
2021-08-01,4423797.93,14970.2,8.7,272.676,278.997,336.022,4282.689,185.763,0.09,1.28,16917.1,1329.0,30.78,1.5433333333333334,5.1,147314.0,61.7,431093.75,109.674,109.409,21741.464333333333,70.3,1594.0,4422.014999999999,26.12,4.69785886363742
2021-09-01,4447544.21,14990.6,7.6,273.91,279.698,337.357,4321.61,194.123,0.08,1.37,16728.5,1232.0,30.98,1.5566666666666666,4.7,147771.0,61.7,389125.0,110.034,109.641,21865.10066666667,72.8,1577.0,4524.09,26.3,4.69785886363742
2021-10-01,4464094.97,15085.5,7.0,276.55,281.668,338.948,4360.531,220.924,0.08,1.58,16733.5,1300.0,31.14,1.57,4.5,148572.0,61.8,347156.25,110.762,110.188,21988.737,71.7,1579.0,4357.04,26.45,4.69785886363742
2021-11-01,4489285.61,15115.9,6.6,278.919,283.406,340.544,4417.3983333333335,223.073,0.08,1.56,16686.4,1397.0,31.23,1.61,4.1,149230.0,61.9,305187.5,111.5,110.77,21970.061333333335,67.4,1705.0,4613.67,26.56,4.69785886363742
2021-12-01,4512720.41,15059.2,6.6,280.845,285.18,341.931,4474.265666666666,197.098,0.08,1.47,16610.8,1331.0,31.39,1.65,3.9,149816.0,62.0,263218.75,112.191,111.418,21951.385666666665,70.6,1722.0,4513.04,26.76,4.69785886363742
2022-01-01,4527332.7,15067.8,4.2,282.543,286.757,342.858,4531.133,226.752,0.08,1.76,16206.1,1285.0,31.6,1.69,4.0,150006.0,62.2,221250.0,112.805,111.976,21932.71,67.2,1702.0,4529.79,26.91,8.00279982052121
2022-02-01,4558346.19,15077.9,4.1,284.5,288.273,344.705,4574.395666666666,254.864,0.08,1.93,16207.6,1342.0,31.64,1.7366666666666666,3.9,150825.0,62.3,218638.88888888888,113.471,112.468,21944.155,62.8,1735.0,4546.54,26.97,8.00279982052121
2022-03-01,4600150.62,15156.8,3.2,287.674,289.056,346.396,4617.658333333334,281.88,0.2,2.13,16127.2,1328.0,31.8,1.7833333333333334,3.7,151315.0,62.4,216027.77777777778,114.469,112.914,21955.6,59.4,1712.0,4306.26,27.1,8.00279982052121
2022-04-01,4633199.93,15235.4,2.6,288.561,290.514,348.23,4660.921,283.471,0.33,2.75,16125.5,1344.0,31.96,1.83,3.7,151623.0,62.2,213416.66666666666,114.812,113.307,21967.045,65.2,1820.0,4545.86,27.28,8.00279982052121
2022-05-01,4662495.89,15214.1,2.6,291.298,292.063,350.204,4678.195333333333,289.411,0.77,2.9,16103.0,1427.0,32.1,1.9033333333333333,3.6,151924.0,62.3,210805.55555555556,115.525,113.703,22019.905,58.4,1531.0,4323.545,27.4,8.00279982052121
2022-06-01,4700193.52,15223.6,2.2,294.957,294.05,352.616,4695.469666666667,326.056,1.21,3.14,16062.9,1369.0,32.19,1.9766666666666666,3.6,152358.0,62.2,208194.44444444444,116.638,114.376,22072.765,50.0,1551.0,4101.23,27.52,8.00279982052121
2022-07-01,4722331.55,15237.1,3.3,294.913,295.088,354.68,4712.744,275.308,1.68,2.9,16270.4,1421.0,32.34,2.05,3.5,153072.0,62.1,205583.33333333334,116.631,114.628,22125.625,51.5,1381.0,3825.33,27.66,8.00279982052121
2022-08-01,4751751.66,15319.8,3.2,295.097,296.535,357.048,4724.358,258.826,2.33,2.9,16367.3,1367.0,32.44,2.1199999999999997,3.6,153362.0,62.3,202972.22222222222,116.956,115.276,22176.531666666666,58.2,1531.0,4118.63,27.75,8.00279982052121
2022-09-01,4778653.2,15330.5,3.4,296.349,298.226,359.601,4735.972,241.987,2.56,3.52,16423.8,1433.0,32.57,2.19,3.5,153582.0,62.2,200361.11111111112,117.371,115.788,22227.438333333335,58.6,1488.0,3966.85,27.87,8.00279982052121
2022-10-01,4810411.05,15358.1,3.4,298.007,299.399,362.353,4747.586,247.665,3.08,3.98,16476.3,1398.0,32.7,2.26,3.6,153939.0,62.2,197750.0,117.919,116.204,22278.345,59.9,1435.0,3911.475,27.99,8.00279982052121
2022-11-01,4840770.62,15317.1,3.8,298.786,300.325,364.695,4777.699666666666,241.614,3.78,3.89,16502.7,1552.0,32.82,2.33,3.6,154242.0,62.1,202416.66666666666,118.224,116.539,22332.099000000002,56.7,1424.0,3856.1,28.11,8.00279982052121
2022-12-01,4858467.57,15303.6,4.2,298.832,301.394,367.466,4807.8133333333335,209.831,4.1,3.62,16578.2,1396.0,32.94,2.4,3.5,154342.0,62.3,207083.33333333334,118.384,116.952,22385.853,59.8,1308.0,4076.57,28.22,8.00279982052121
2023-01-01,4874126.47,15501.5,4.9,300.42,302.642,369.911,4837.927,207.365,4.33,3.53,16906.9,1390.0,33.02,2.47,3.5,154776.0,62.4,211750.0,119.018,117.505,22439.607,64.9,1361.0,4097.89,28.31,4.11633838374488
2023-02-01,4884912.07,15491.8,5.5,301.45,304.123,372.636,4873.106666666667,214.227,4.57,3.75,16998.2,1536.0,33.15,2.5633333333333335,3.6,155066.0,62.5,216416.66666666666,119.369,117.929,22486.571,66.9,1399.0,4119.21,28.42,4.11633838374488
2023-03-01,4909610.57,15494.0,6.0,301.821,305.147,374.678,4908.2863333333335,198.961,4.65,3.66,17098.8,1495.0,33.27,2.6566666666666667,3.5,155134.0,62.6,221083.33333333334,119.538,118.315,22533.535,62.0,1377.0,3951.39,28.56,4.11633838374488
2023-04-01,4921913.96,15541.8,5.8,302.845,306.534,376.404,4943.466,221.208,4.83,3.46,17135.3,1425.0,33.43,2.75,3.4,155375.0,62.6,225750.0,119.951,118.734,22580.499,63.7,1354.0,4059.63,28.7,4.11633838374488
2023-05-01,4927070.79,15535.2,6.1,303.334,307.652,378.304,4964.4220000000005,199.51,5.06,3.57,17196.7,1503.0,33.5,2.8133333333333335,3.6,155655.0,62.6,234000.0,120.15,119.083,22667.329,59.0,1584.0,4167.87,28.78,4.11633838374488
2023-06-01,4950407.77,15584.1,5.8,304.014,308.322,380.155,4985.378,191.18,5.08,3.75,17216.3,1464.0,33.69,2.8766666666666665,3.6,155880.0,62.6,242250.0,120.469,119.39,22754.159,64.2,1421.0,4221.02,28.89,4.11633838374488
2023-07-01,4959233.72,15658.4,5.5,304.609,308.96,381.895,5006.334,207.341,5.12,3.9,17250.6,1352.0,33.85,2.94,3.5,156043.0,62.6,250500.0,120.607,119.556,22840.989,71.5,1460.0,4398.875,29.01,4.11633838374488
2023-08-01,4945185.91,15668.6,5.6,306.082,309.58,382.947,5034.9839999999995,224.147,5.33,4.17,17275.3,1363.0,33.89,2.993333333333333,3.7,156261.0,62.8,247909.0909090909,120.97,119.689,22905.252666666667,69.4,1317.0,4576.73,29.06,4.11633838374488
2023-09-01,4955084.13,15688.7,5.3,307.276,310.539,385.285,5063.634,247.165,5.33,4.38,17282.2,1471.0,34.01,3.046666666666667,3.7,156417.0,62.7,245318.18181818182,121.419,120.058,22969.516333333333,67.8,1371.0,4515.77,29.18,4.11633838374488
2023-10-01,4965631.71,15730.9,5.4,307.696,311.457,386.771,5092.284,238.834,5.33,4.8,17341.3,1394.0,34.08,3.1,3.9,156576.0,62.6,242727.27272727274,121.484,120.241,23033.78,63.8,1368.0,4376.8150000000005,29.26,4.11633838374488
2023-11-01,4989152.89,15786.9,5.6,308.148,312.392,388.525,5108.043,215.826,5.33,4.5,17427.1,1460.0,34.17,3.1233333333333335,3.7,156703.0,62.8,240136.36363636365,121.493,120.374,23049.893,61.3,1514.0,4237.86,29.37,4.11633838374488
2023-12-01,4988252.94,15851.3,5.6,308.741,313.195,390.139,5123.802,193.028,5.33,4.02,17481.7,1575.0,34.29,3.1466666666666665,3.8,156857.0,62.5,237545.45454545453,121.66,120.592,23066.005999999998,69.7,1521.0,4594.63,29.47,4.11633838374488
2024-01-01,5003263.54,15793.7,6.4,309.698,314.319,392.322,5139.561,201.535,5.33,4.06,17575.4,1500.0,34.47,3.17,3.7,157032.0,62.5,234954.54545454544,122.23,121.217,23082.119,79.0,1381.0,4750.41,29.61,2.94952520485207
2024-02-01,5013828.69,15863.1,6.1,310.967,315.564,394.078,5157.209,212.353,5.33,4.21,17596.2,1674.0,34.52,3.1866666666666665,3.9,157238.0,62.6,232363.63636363635,122.598,121.537,23150.248666666666,76.9,1552.0,4906.19,29.66,2.94952520485207
2024-03-01,5013919.21,15916.3,5.9,312.345,316.792,395.827,5174.857,215.952,5.33,4.21,17617.0,1487.0,34.65,3.2033333333333336,3.9,157466.0,62.7,229772.72727272726,123.038,122.009,23218.378333333334,79.4,1312.0,5137.08,29.78,2.94952520485207
2024-04-01,5017407.51,15945.2,5.8,313.023,317.649,397.196,5192.505,234.282,5.33,4.54,17638.6,1662.0,34.76,3.22,3.9,157530.0,62.6,227181.81818181818,123.341,122.304,23286.508,77.2,1385.0,5243.77,29.85,2.94952520485207
2024-05-01,5025704.11,16019.2,5.8,313.175,318.095,398.689,5210.666,217.159,5.33,4.48,17713.3,1561.0,34.89,3.2133333333333334,3.9,157608.0,62.6,224590.9090909091,123.348,122.383,23350.52866666667,69.1,1316.0,5018.39,29.97,2.94952520485207
2024-06-01,5027254.09,16064.4,5.7,313.044,318.39,399.699,5228.827,216.608,5.33,4.31,17751.1,1731.0,35.01,3.206666666666667,4.1,157695.0,62.6,222000.0,123.539,122.677,23414.549333333332,68.2,1327.0,5246.74,30.07,2.94952520485207
2024-07-01,5045212.65,16123.8,5.3,313.569,318.94,401.139,5246.988,224.405,5.33,4.25,17743.2,1635.0,35.08,3.2,4.2,157748.0,62.7,221468.75,123.736,122.911,23478.57,66.4,1265.0,5475.09,30.16,2.94952520485207
2024-08-01,5052991.7,16145.7,5.2,314.062,319.75,402.895,5246.005666666667,213.906,5.33,3.87,17752.9,1755.0,35.22,3.16,4.2,157757.0,62.7,220937.5,123.889,123.128,23514.560666666668,67.9,1391.0,5446.68,30.27,2.94952520485207
2024-09-01,5057015.98,16227.8,4.8,314.732,320.732,403.956,5245.0233333333335,185.951,5.13,3.72,17769.9,1671.0,35.34,3.12,4.1,157912.0,62.7,220406.25,124.164,123.466,23550.551333333333,70.1,1357.0,5577.715,30.39,2.94952520485207
2024-10-01,5067276.2,16247.7,5.0,315.631,321.731,405.721,5244.041,195.992,4.83,4.1,17810.5,1636.0,35.46,3.08,4.1,157945.0,62.5,219875.0,124.494,123.832,23586.542,70.5,1352.0,5708.75,30.48,2.94952520485207
2024-11-01,5060657.97,16299.5,4.9,316.528,322.657,407.114,5277.366333333333,189.72,4.64,4.36,17851.4,1618.0,35.6,3.0733333333333333,4.2,158079.0,62.4,219343.75,124.637,123.962,23573.764666666666,71.8,1295.0,5728.8,30.56,2.94952520485207
2024-12-01,4948069.04,16415.5,4.3,317.604,323.259,408.165,5310.691666666667,189.942,4.48,4.39,17867.9,1527.0,35.69,3.066666666666667,4.1,158316.0,62.5,218812.5,124.979,124.196,23560.987333333334,74.0,1514.0,5709.654,30.66,2.94952520485207
2025-01-01,4957979.27,16316.5,5.1,318.961,324.638,409.579,5344.017,211.855,4.33,4.63,17889.8,1651.0,35.84,3.06,4.0,158268.0,62.6,218281.25,125.417,124.587,23548.21,71.7,1358.0,5690.508,30.79,2.94952520485207
2025-02-01,4956920.12,16297.0,5.2,319.679,325.465,410.793,5364.152,203.762,4.33,4.45,17910.5,1565.0,35.94,3.0533333333333332,4.2,158310.0,62.5,217750.0,125.921,125.145,23622.465333333334,64.7,1490.0,5671.362,30.89,2.94952520485207
2025-03-01,5020912.0,16423.9,5.1,319.785,325.69,411.639,5384.286999999999,190.263,4.33,4.28,18029.1,1566.0,36.11,3.046666666666667,4.2,158377.0,62.5,226500.0,125.941,125.267,23696.720666666664,57.0,1355.0,5652.215999999999,31.02,2.94952520485207
2025-04-01,5038854.01,16446.9,5.5,320.302,326.467,413.04,5404.422,178.033,4.33,4.28,18132.9,1475.0,36.12,3.04,4.2,158485.0,62.6,226343.75,126.15,125.502,23770.976,52.2,1398.0,5633.07,31.09,2.94952520485207
2025-05-01,5047982.01,16423.9,4.9,320.62,326.893,414.109,5429.179999999999,174.359,4.33,4.42,17980.9,1542.0,36.28,3.02,4.3,158498.0,62.4,226187.5,126.38,125.79,23856.262,52.2,1282.0,5604.14,31.2,2.94952520485207
2025-06-01,5042689.74,16466.3,4.6,321.435,327.658,414.981,5453.938,186.387,4.33,4.38,17962.1,1385.0,36.36,3.0,4.1,158478.0,62.3,226031.25,126.743,126.121,23941.548,60.7,1382.0,5901.075000000001,31.31,2.94952520485207
2025-07-01,5057212.7,16547.5,4.3,322.169,328.682,415.931,5478.696,188.522,4.33,4.39,18009.5,1455.0,36.47,2.98,4.3,158542.0,62.2,225875.0,126.96,126.43,24026.834,61.7,1420.0,6198.01,31.39,2.94952520485207
2025-08-01,5059896.38,16595.8,4.1,323.291,329.7,417.555,5478.696,181.631,4.33,4.26,18027.6,1556.0,36.62,2.98,4.3,158472.0,62.3,225718.75,127.293,126.714,24026.834,58.2,1291.0,6238.01,31.49,2.94952520485207
2025-09-01,5071365.99,16614.3,4.0,324.245,330.418,418.422,5478.696,178.794,4.22,4.12,18037.9,1372.0,36.7,2.98,4.4,158548.0,62.5,225562.5,127.625,126.954,24026.834,55.1,1328.0,6381.665,31.56,2.94952520485207
2025-10-01,5080601.87,16665.1,3.7,324.654,330.7305,418.92650000000003,5478.696,172.58800000000002,4.05,4.105,18037.6,1431.0,36.85,2.98,4.45,158498.5,62.5,225406.25,127.887,127.20949999999999,24026.834,53.05,1325.0,6525.32,31.674999999999997,2.94952520485207
2025-11-01,5084831.24,16715.4,3.5,325.063,331.043,419.431,5478.696,166.382,3.88,4.09,18037.3,1490.0,37.0,2.98,4.5,158449.0,62.5,225250.0,128.149,127.465,24026.834,51.0,1322.0,6668.975,31.79,2.94952520485207
2025-12-01,5084831.24,16715.4,3.5,326.031,331.814,421.039,5478.696,161.825,3.72,4.14,18032.2,1525.0,37.02,2.98,4.4,158497.0,62.4,225250.0,128.605,127.918,24026.834,52.9,1404.0,6812.63,31.83,2.94952520485207
